PROVINCIA,COMUNE,CODICE,SETTORE,INFO,X_GAUSS-BOAGA,Y_GAUSS-BOAGA,Q,NOTE,STRAT.,FALDA,PUBBLICO,gen-01,feb-01,mar-01,apr-01,mag-01,giu-01,lug-01,ago-01,set-01,ott-01,nov-01,dic-01,gen-02,feb-02,mar-02,apr-02,mag-02,giu-02,lug-02,ago-02,set-02,ott-02,nov-02,dic-02,gen-03,feb-03,mar-03,apr-03,,,,,,,,,,,,,,,,,,,,,,,,,,,,,,,
MI - Par.,ALBAIRATE,150050010,15,c.na Faustina PRIV.,1495936,5028883,123.16,,,1,,,,,,,,,,,,,,120.36,121.06,120.46,120.46,121.36,121.36,,122.16,121.46,,,,120.76,120.86,120.36,,,,,,,,,,,,,,,,,,,,,,,,,,,,,,,,
VA,ALBIZZATE,PO1200200800T0,1,via G. Rossa 8,1485030,5065340,317.9,,X,SUPERF.,,,,,,307.9,305.9,302.9,302.4,302.75,302.56,302.15,301.44,298.98,297.94,298.42,295.02,301.07,302.55,302.23,303.06,302.48,,,,307.12,305.66,,,,,,,,,,,,,,,,,,,,,,,,,,,,,,,,,
CO,APPIANO GENTILE - Comune,7,2,Via Mazzini,1498475,5064290,352,,,2,,,,,,,,,,,,262.7,263.86,,,,,,,,,,,,,,,,,,,,,,,,,,,,,,,,,,,,,,,,,,,,,,,
MI,ARCONATE                                      ,150070002,10, via Turati,1488408,5043208,179.17,,,,,,,,,154.77,,156.17,,158.67,157.57,,,,,,,,,,,,,,,,,,,,,,,,,,,,,,,,,,,,,,,,,,,,,,,,,
MI - Città,BASIGLIO,150150001,19,p.zza M. Rossi-Chiesa,1512870,5021817,96.68,,X,1,,,,,,93.34,93.64,93.74,93.74,93.34,93.14,,,92.9,93.2,93.3,93.4,92.9,93.2,,93.68,93.68,,,,95.3,95.1,94.8,,,,,,,,,,,,,,,,,,,,,,,,,,,,,,,,
MI - Città,BASIGLIO,150150005,19,Vivaldi,1512099,5023725,100.53,,X,3,,,,,,94.73,94.83,95.13,95.43,94.83,94.53,,,94.03,94.33,94.23,94.43,94.53,94.63,,95.03,95.13,,,,94.6,94.5,94.1,,,,,,,,,,,,,,,,,,,,,,,,,,,,,,,,
PV,BELGIOIOSO - 5,12,22,via Dante,1523740,5000800,75.8,,X,1,,,,,,,,,65.56,65.43,65.13,64.73,64.6,64.35,64.39,64.09,63.95,64.64,64.62,64.9,65.5,65.45,,,,64.6,64.28,,,,,,,,,,,,,,,,,,,,,,,,,,,,,,,,,
PV,BEREGUARDO  - 2,28,22,via S. Antonino,1502480,5011810,95,,X,2,,,,,,,,,81.19,79.75,79.65,78.69,78.15,79.97,80.04,79.6,,80.5,79.45,80.79,80.99,80.96,,,,80.38,80.25,,,,,,,,,,,,,,,,,,,,,,,,,,,,,,,,,
PV,BEREGUARDO - 4,28,22,Via S. Antonino,1502530,5011330,98,,,,,,,,,,,,90.59,90.7,90.8,90.8,89.8,,,,,,,,,,,,,,,,,,,,,,,,,,,,,,,,,,,,,,,,,,,,,,,
MI - Par.,BERNATE TICINO,150190001,15,via Pellico-Casate,1486563,5037866,139.53,,X,1,,,,,,139.03,139.43,140.63,141.93,142.63,,141.63,,127.43,126.93,126.83,126.83,127.23,128.53,,130.93,131.53,,,,128.13,127.93,127.23,,,,,,,,,,,,,,,,,,,,,,,,,,,,,,,,
LO,BERTONICO - CAP                        ,980020002,24,via Garibaldi,1552858,5009264,46.44,,X,2,,,,,,36.34,36.44,36.44,,36.24,,,,36.14,35.94,35.74,,,,,36.64,36.64,,,,36.44,36.34,36.44,,,,,,,,,,,,,,,,,,,,,,,,,,,,,,,,
CO,BINAGO - Comune - pozzo Acacie 3,13(19),2,via delle Acacie,1492848,5069930,373,,X,2,,,,,,,,,,361.2,,361,361,,361.82,362.44,363.98,363.86,363.04,362.84,362.44,363.19,,,,363.22,362.87,362.54,,,,,,,,,,,,,,,,,,,,,,,,,,,,,,,,
PV,BORNASCO - 1,7,19,presso Municipio,1517200,5012745,82,,X,1,,,,,,,,,,77.67,77.39,77.47,77.21,76.95,77.1,77.84,,77.38,77.38,77.83,78.12,77.86,,,,77.83,77.5,,,,,,,,,,,,,,,,,,,,,,,,,,,,,,,,,
PV,BORNASCO - 1,7,20,presso Municipio,1517200,5012745,82,,X,1,,,,,,,,,#,77.67,77.39,77.47,77.21,76.95,77.1,77.84,,77.38,77.38,77.83,78.12,77.86,,,,77.83,77.5,,,,,,,,,,,,,,,,,,,,,,,,,,,,,,,,,
CO,BREGNANO - Cons. Lura Ambiente - pozzo 6,7(9),2,loc. Puginate,1503775,5061925,285,,X,2,,,,,,,227.8,,,229.2,229.2,,,,228.5,228.6,228.4,228.4,,,,,,,,228.1,228.1,228.4,,,,,,,,,,,,,,,,,,,,,,,,,,,,,,,,
CO,BRENNA - Soc. Pragma Spa - pozzo 3,11(15),2,Loc. Pozzolo,1514972,5064371,342,,X,2,,,,,,,287.3,,,286,286,285.8,285.15,,278.3,,,,284.75,,,,,,,287,286.7,286.3,,,,,,,,,,,,,,,,,,,,,,,,,,,,,,,,
MI - Par.,BUBBIANO,150350003,19,via Noè,1501099,5019569,104.19,,X,3,,,,,,98.49,98.89,99.19,99.49,99.19,98.79,,,98.19,98.59,98.39,97.99,98.49,98.59,,99.19,99.39,,,,99.39,99.19,98.79,,,,,,,,,,,,,,,,,,,,,,,,,,,,,,,,
MI - Par.,BUCCINASCO,150360002,19,via  Lario,1508474,5029898,107.39,,X,2,,,,,,107.39,107.49,107.59,107.99,107.79,107.49,,,100.99,100.59,100.69,,101.19,100.99,101.04,101.39,101.39,,,,100.69,101.09,100.69,,,,,,,,,,,,,,,,,,,,,,,,,,,,,,,,
CO,BULGAROGRASSO- Az. Colline Comasche-pozzo 1,6(8),2,via Montichiari,1500420,5065600,327,,X,2,,,,,,,,,,274,,273.8,,,284.7,284.71,284.2,286.69,286.95,285.32,***,***,,,,,,,,,,,,,,,,,,,,,,,,,,,,,,,,,,,,,,
VA,BUSTO ARSIZIO,PO1202602103T0,5,ZONA INDUSTRIALE,1486405,5048283,210.5,,,,,,,,,177.93,178.3,177.73,177.63,177.62,177.28,177.43,177.15,177.03,176.83,176.68,176.65,176.83,177.06,176.93,177.13,177.32,,,,180.03,177.1,,,,,,,,,,,,,,,,,,,,,,,,,,,,,,,,,
CO,CABIATE - S.E.T. srl - pozzo 1,12(17),3,via Buozzi,1514195,5057470,237,,X,2,,,,,,,,,,,207,207,205.95,,205.2,,,,204.6,,,,,,207.1,207.9,207.5,,,,,,,,,,,,,,,,,,,,,,,,,,,,,,,,,
CO,CANTù - Canturina Servizi spa - pozzo S. Antonino,10 (14),3,Cascna S.Antonino,1509350,5065650,305,,X,2,,,,,,,,,,224.2,224.6,225.1,224.96,,224.07,224.31,ERRORE DI POZZO,224.62,224.22,,224.26,,,,225.65,225.7,225.8,225.73,,,,,,,,,,,,,,,,,,,,,,,,,,,,,,,,
CO,CANTù - p. Asnago 4- Canturina Servizi spa,13,3,Asnago,,,260,,,,,,,,,,227.7,,,229.9,228.7,228.5,227.61,,,,,,,,,,,,,,,,,,,,,,,,,,,,,,,,,,,,,,,,,,,,,,,
CO,CAPIAGO INTIMIANO-Az.Colline Com.-pozzo Guastone 1,15 (22),3,Via Roma,1510495,5068940,420,,X,2,,,,,,,,,,416.9,,418.8,418.8,,419.35,419.28,418.95,419.55,419.35,418.83,419,419.27,,,419.82,419.62,418.28,,,,,,,,,,,,,,,,,,,,,,,,,,,,,,,,,
CO,CARBONATE -Acqua Serpio spa,1,2,via Giovanni XXIII,,,186,,,,,,,,,,,,,,224.1,223.9,224,,,,,,,,,,,,,,,,,,,,,,,,,,,,,,,,,,,,,,,,,,,,,,,
CO,CARIMATE - Canturina Servizi spa - pozzo 2,9(12),3,Valle Serenza,1508600,5060822,244,,x,2,,,,,,,209.2,,,214.05,208.5,208.2,207.82,in manut.,in manut.,in manut.,in manut.,206.68,205.85,,206.75,,,,210.2,209.95,209.75,,,,,,,,,,,,,,,,,,,,,,,,,,,,,,,,,
MI - MONZA,CARNATE - CAP,154900021,4,Grandi nuovo,1529290,5054175,215.226,,X,2,,,,,,,,,,,,,,170.03,170.53,170.23,,170.93,,,169.73,170.03,,,,170.23,170.03,169.23,,,,,,,,,,,,,,,,,,,,,,,,,,,,,,,,
MI - MONZA,CARNATE- CAP,154900019,4,Grandi x Usmate,1529290,5054175,215.226,,X,3,,,,,,,,,,,,,,193.53,189.93,189.73,,190.53,,,190.43,190.93,,,,191.03,191.23,190.83,,,,,,,,,,,,,,,,,,,,,,,,,,,,,,,,
VA,CASALE LITTA,PO1203600300T0,1,Firello - Villa Dosia,1479360,5065190,280.72,,X,SUPERF. (acquifero locale),,,,,,,,,,,,,,267.42,267.27,267.57,267.59,269.62,269.15,268.9,269.16,270.06,,,,271.32,270.66,,,,,,,,,,,,,,,,,,,,,,,,,,,,,,,,,
LC,CASATENOVO,PI097016101,4,MAGGIONI (EX PIRROTTA),1524964,5058591,294.1,,X,2,,,,,,,248.99,249.51,248.28,248.78,248.71,248.68,248.3,247.32,248.6,249.2,248.82,250.28,250.73,250.23,250.81,251.55,,,,253.03,252.22,250.38,248.97,,,,,,,,,,,,,,,,,,,,,,,,,,,,,,,
MI - Città,CASSANO D'ADDA,150590001,14,Muzza I-5 Martiri,1540544,5041200,116.7,,,1,,,,,,112.39,112.59,113.09,113.29,113.19,112.09,,,113.7,111.3,111.7,111.1,112.5,112.5,,112.8,112.3,,,,108.69,108.89,108.49,,,,,,,,,,,,,,,,,,,,,,,,,,,,,,,,
MI - Città,CASSANO D'ADDA,150590001,18,Muzza I-5 Martiri,1540544,5041200,116.7,,,1,,,,,,112.39,112.59,113.09,113.29,113.19,112.09,,,113.7,111.3,111.7,111.1,112.5,112.5,,112.8,112.3,,,,108.69,108.89,108.49,,,,,,,,,,,,,,,,,,,,,,,,,,,,,,,,
LO,CAVENAGO ADDA,980170064,21,Soltarico,1544810,5014760,73,,,,,,,,,60.4,60.5,60.2,,60,,,asciutto,,,,,,,,,,,,,,,,,,,,,,,,,,,,,,,,,,,,,,,,,,,,,,,
LO,CAVENAGO ADDA - CAP             ,980170003,21,via Valsecchi serb.,1547241,5014694,70.73,,X,1,,,,,,,,,,,,,,57.33,57.23,56.93,,,,,58.13,58.33,,,,58.73,58.73,58.53,,,,,,,,,,,,,,,,,,,,,,,,,,,,,,,,
CO,CERMENATE - Cons. Lura ambiente - pozzo 2,18(2bis),2,via Petrarca,1506475,5061530,305,,X,2,,,,,,,,,,216.8,217,,,,216.6,,216.6,216.8,216.7,,,,,,,220.5,220.5,220.4,220.5,,,,,,,,,,,,,,,,,,,,,,,,,,,,,,,
CO,CERMENATE - Consorzio Lura Ambiente spa,11,2,Via I Maggio,1505880,5060468,285,,,,,,,,,,,,,200.1,199.6,,,,,,,,,,,,,,,,,,,,,,,,,,,,,,,,,,,,,,,,,,,,,,,,,
LC,CERNUSCO LOMBARDONE,PC097020003,4,VILLA,1530522,5059523,248,,X,2,,,,,,,,,229.29,228.48,227.69,226.99,226.17,224.85,226.87,230.6,229.55,231.79,232.51,232.15,232.48,234.18,,,,241.37,238.1,234.94,231.35,,,,,,,,,,,,,,,,,,,,,,,,,,,,,,,
LO,CERVIGNANO A. - CAP               ,980180001,21,p.zza Caduti,1533303,5024632,81.68,,X,1,,,,,,75.88,76.18,76.88,,76.58,,,,76.18,75.98,75.98,,,,,76.68,76.88,,,,76.68,76.38,76.18,,,,,,,,,,,,,,,,,,,,,,,,,,,,,,,,
MI - MONZA,CINISELLO BALSAMO - CAP,150770073,13,via Petrella,1517875,5045125,128.85,,,,,,,,,,,,,,,,,98.55,98.25,98.05,97.85,97.65,97.95,,98.85,99.15,,,,98.95,98.75,98.45,,,,,,,,,,,,,,,,,,,,,,,,,,,,,,,,
MI - MONZA,CINISELLO BALSAMO - CAP,150770023,13,via Galilei,1519410,5044683,150.67,,X,3,,,,,,126.37,125.67,126.07,126.37,126.27,126.27,,,125.7,126.9,126.1,125.7,124.5,124.7,,125.07,125.67,,,,123.9,123.7,123.3,,,,,,,,,,,,,,,,,,,,,,,,,,,,,,,,
LO,COMAZZO - CAP,980200001,21,p.zza Caduti,1536534,5032132,93.02,,X,2,,,,,,87.22,87.32,87.82,88.12,88.02,87.72,,,87.12,87.32,87.22,86.92,87.52,87.72,,88.32,88.12,,,,88.02,88.12,87.62,,,,,,,,,,,,,,,,,,,,,,,,,,,,,,,,
MI,CONCOREZZO               ,150840002,9,S.P.13 Malcantone,1525395.999,5047386.998,162.27,,,,,,,,,140.77,140.87,140.87,141.07,140.87,140.57,,,,,,,,,,,,,,,,,,,,,,,,,,,,,,,,,,,,,,,,,,,,,,,,,
MI - Par.,CORBETTA,150850004,15,via Veneto,1494156.004,5034189.999,132.09,,X,1,,,,,,,,,,,,,,127.89,128.19,127.79,127.69,128.19,128.39,,128.69,128.59,,,,127.99,127.89,127.29,,,,,,,,,,,,,,,,,,,,,,,,,,,,,,,,
MI - MONZA,COREZZANA - CAP,150920003,4,via Fermi,1523723,5056321,247.15,,X,3,,,,,,,,,,,,,,173.55,172.85,172.35,,,,,172.95,173.25,,,,174.55,174.75,174.95,,,,,,,,,,,,,,,,,,,,,,,,,,,,,,,,
MI - Par.,CORNAREDO,150870001,16,Campo Sportivo I,1501530,5037775,136.84,,,1,,,,,,,,,,,,,,130.84,131.34,131.04,131.04,131.34,131.84,,132.34,132.84,,,,132.14,131.94,131.54,,,,,,,,,,,,,,,,,,,,,,,,,,,,,,,,
PV,CURA - 1,6,22,Borghetto,1520475,5007050,71.4,,X,2,,,,,,,,,68.6,68.9,68.57,67.68,67.57,,67.45,67.2,67.47,67.8,67.35,67.91,68.3,68.05,,,,67.15,67.67,,,,,,,,,,,,,,,,,,,,,,,,,,,,,,,,,
MI - Par.,CUSAGO,150970003,16,via Cervi fino a 5/99 p.1,1502657,5033450,127.1,,X,3,,,,,,121.39,121.39,121.59,121.89,121.49,121.29,,,120.99,120.79,120.6,,121,121.1,,121.9,121.6,,,,,,120.5,,,,,,,,,,,,,,,,,,,,,,,,,,,,,,,,
MI - MONZA,DESIO - CAP,151000003,8,via Torricelli,1516295,5051936,146.19,,X,1,,,,,,,,,,,,,,151.89,151.69,151.19,150.79,150.99,151.39,,151.39,152.09,,,,151.29,151.49,151.19,,,,,,,,,,,,,,,,,,,,,,,,,,,,,,,,
CO,FENEGRò - Antiga Spa - pozzo 2,4(6),2,Via Trento,1500090,5061970,305,,X,2,,,,,,,,,,252.5,,251.9,251.65,,250.92,250.78,250.76,251.07,251.6,251.67,251.63,251.6,,,,254.01,253.82,253.45,252.87,,,,,,,,,,,,,,,,,,,,,,,,,,,,,,,
CO,FIGINO SERENZA - soc. Pragma spa,4 bis,3,Loc Campaccio,1510815,5061625,300,,,,,,,,,,,,,,,,,,,,,,,,,,,,,,,,,,,,,,,,,,,,,,,,,,,,,,,,,,,,,,,
CO,FINO MORNASCO - Az.Colline Comasche - pozzo 2,8(10),2,Cascina Pazzea,1504625,5065990,299,,X,2,,,,,,,285.6,,,284,284.6,284.3,285.14,,282.63,283.69,284,286.43,286.03,285.41,284.45,284.37,,,,286.69,285.13,283.93,,,,,,,,,,,,,,,,,,,,,,,,,,,,,,,,
LO,FOMBIO - CAP                                 ,980260002,24,via Giovanni XXIII,1554292,4998880,42.264,,X,2,,,,,,30.26,30.06,29.76,,29.46,,,29.86,29.36,29.46,29.46,,,,,30.96,30.86,,,,31.36,31.16,31.86,,,,,,,,,,,,,,,,,,,,,,,,,,,,,,,,
VA,GALLARATE,PO1207000900T0,5,via Alberone - via Ferrari,1483140,5055620,235,,X,SUPERF. (acquifero locale),,,,,,,215.2,211.67,210.69,210.1,209.9,209.9,209.9,209.51,209.51,209.31,209.31,,209.51,207.57,211.67,209.9,,,,211.67,211.47,,,,,,,,,,,,,,,,,,,,,,,,,,,,,,,,,
VA,GALLARATE,PO1207002201T0,5,via Monte S. Martino,1482360,5058150,271,,X,MISTA,,,,,,203.3,203.1,201.93,204.68,203.7,203.5,203.89,203.5,203.89,203.7,203.11,203.11,202.52,201.15,201.54,203.5,202.91,,,,203.11,203.3,,,,,,,,,,,,,,,,,,,,,,,,,,,,,,,,,
PV,GENZONE - 1,10,23,Via cairoli,1527575,5002880,72.7,,,,,,,,,,,,66.47,65.96,65.68,65.49,65.22,,,,,,,,,,,,,,,,,,,,,,,,,,,,,,,,,,,,,,,,,,,,,,,
VA,GERENZANO,PO1207502002T0,6,Discarica - controllo,1497940,5052150,220.65,,X,SUPERF.,,,,,,187.25,,187.45,187.63,187.67,187.65,187.59,187.53,187.3,187.25,187.21,187.16,187.34,187.5,187.59,187.7,187.79,,,,189.17,188.38,,,,,,,,,,,,,,,,,,,,,,,,,,,,,,,,,
MI-Città,GESSATE,151060008,14,p.zza Aturia 9,1534449,5044895,128.3,,,1,,,,,,,,,,,,,,109.7,109.4,108.8,108.5,108.3,109.3,,113.1,113.6,,,,110.8,110.6,109.9,,,,,,,,,,,,,,,,,,,,,,,,,,,,,,,,
PV,GIUSSAGO - 2,8,19,via Papa Giov. XXIII ,1511200,5014400,92,,X,2,,,,,,,,,,,,,,87.2,88.09,87.7,,88.4,88.49,88.72,88.86,88.36,,,,88.19,87.55,,,,,,,,,,,,,,,,,,,,,,,,,,,,,,,,,
PV,GIUSSAGO - 5,63,19,Via F.lli Cervi,,,86.7,,,,,,,,,,,,79.77,79.77,79.38,78.99,78.97,,,,,,,,,,,,,,,,,,,,,,,,,,,,,,,,,,,,,,,,,,,,,,,
LO,GRAFFIGNANA - CAP                    ,980280001,23,via Milano - serb.,1535471,5006700,64.27,,X,2,,,,,,58.47,58.47,58.97,,58.67,,,58.57,58.57,58.57,58.27,,58.07,58.27,,58.77,58.87,,,,59.07,58.97,58.77,,,,,,,,,,,,,,,,,,,,,,,,,,,,,,,,
LC,IMBERSAGO,PC097039001,4,ROBBIATE1- via dei Mulini,1535411,5060791,198,,X,2,,,,,,,,,193.5,193.55,193.73,193.51,193.28,193.12,193.25,192.7,193.2,193.45,193.5,192.95,193.68,194.66,,,,193.77,194.5,193.42,193.52,,,,,,,,,,,,,,,,,,,,,,,,,,,,,,,
LC,IMBERSAGO,PC097039003,4,PONTICELLO- Strada Alzaia,1534898,5062596,196,,X,2,,,,,,,,,"194,9 (*)",196.2,"194,8 (*)",,195.8,192.42,193.29,193.14,193.19,193.6,193.34,193.15,193.36,193.48,,,,193.92,193.78,193.54,193.56,,,,,,,,,,,,,,,,,,,,,,,,,,,,,,,
CO,INVERIGO - Comune,18,3,C.na Rocchina,1517738,5065790,322,,,,,,,,,,,,,,,292.1,291.5,,,,,,,,,,,,,,,,,,,,,,,,,,,,,,,,,,,,,,,,,,,,,,,
MI,Inzago ,151140006,14,vill.Residenziale,1536840,5041965,129,,,,,,,,,,,,,,,,,,,,,,,,,,,,,,,,,,,,,,,,,,,,,,,,,,,,,,,,,,,,,,,
MI - Par.,LAINATE,151160008,11,Lainate Caronasca,1502320,5047210,180,,X,2,,,,,,,,,,,,,,162,162.2,161.9,161.4,161.8,162.9,,163.4,163.5,,,,161.8,161.7,161.4,,,,,,,,,,,,,,,,,,,,,,,,,,,,,,,,
PV,LANDRIANO - 4,30,20,Strada Cerca,1520920,5017805,86.8,,,,,,,,,,,,80.45,80.31,80.27,79.13,78.13,,,,,,,,,,,,,,,,,,,,,,,,,,,,,,,,,,,,,,,,,,,,,,,
CO,LIMIDO COMASCO - Antiga Spa - pozzo 2,5,2,via Vicolo Scalini,1498324,5059851,280,,X,2,,,,,,,,,,,,,,,230.06,230.05,229.81,229.82,230.01,229.97,229.79,229.93,,,,231.18,231.6,231.67,231.9,,,,,,,,,,,,,,,,,,,,,,,,,,,,,,,
MI - Città,LOCATE TRIULZI,151250001,20,p.zza Gramsci,1517398,5022688,96.26,,X,2,,,,,,90.22,90.22,90.32,90.62,90.62,90.22,,,89.66,89.66,89.76,89.46,89.86,90.06,,90.26,90.36,,,,83.12,83.32,82.92,,,,,,,,,,,,,,,,,,,,,,,,,,,,,,,,
LO,LODIVECCHIO - CAP                     ,980320002,21,via Cabrini-serb.,1532570,5016525,74.23,,X,2,,,,,,,,,,,,,,69.43,69.23,68.83,,68.53,68.43,,69.03,69.23,,,,69.23,69.03,68.63,,,,,,,,,,,,,,,,,,,,,,,,,,,,,,,,
VA,LONATE POZZOLO,PO1209000902T0,5,via Molinelli - Bellaria,1477670,5005023,207.4,,X,SUPERF.,,,,,,158.79,158.54,158.25,158.1,158.04,157.99,157.84,157.79,157.65,157.43,157.32,157.3,157.73,158,158.02,158.03,157.95,,,,158.66,159.2,,,,,,,,,,,,,,,,,,,,,,,,,,,,,,,,,
VA,LONATE POZZOLO,PO1209000903T0,5,via Molinelli - Bellaria,1477670,5050230,207.45,,X,PROFONDA,,,,,,155.26,153.82,153.33,153.58,154.12,154.65,154.93,154.88,152.81,157.25,157.94,158.26,158.85,151.97,149.31,150.57,151.7,,,,156.55,156.75,,,,,,,,,,,,,,,,,,,,,,,,,,,,,,,,,
CO,LURAGO D'ERBA - Soc. Pragma Spa,16(23),3,Pioppete,1518210,5067545,320,,X,2,,,,,,,,,,295.2,,295.2,295.2,,,,,,,,,,,,299.6,298.6,297.7,,,,,,,,,,,,,,,,,,,,,,,,,,,,,,,,,
LO,MACCASTORNA - CAP                 ,980330001,24,via Roma,1567299,4999597,38.85,,X,2,,,,,,36.05,36.05,36.15,,36.15,,,,34.85,34.75,34.45,,,,,35.55,35.85,,,,35.85,35.85,35.55,,,,,,,,,,,,,,,,,,,,,,,,,,,,,,,,
LO,MALEO - CAP                                  ,980350002,24,p.zza 25 Aprile,1560100,5001920,44.76,,X,1,,,,,,31.76,31.76,31.56,,32.06,,,,31.66,31.56,31.36,,,,,31.66,31.56,,,,32.26,32.46,32.36,,,,,,,,,,,,,,,,,,,,,,,,,,,,,,,,
MI - Par.,MARCALLO CON CASONE,151340004,10,via Clerici,1490298,5037079,137.44,,X,3,,,,,,,,,,,,,,128.54,128.14,128.14,127.74,129.29,127.44,,130.29,131.04,,,,130.04,130.24,129.64,,,,,,,,,,,,,,,,,,,,,,,,,,,,,,,,
CO,MARIANO COMENSE - Pozzo 3 - Pragma S.P.A,16,3,Via per Novedrate,1513175,5061640,289,,,,,,,,,,257.5,,,255.4,255,255,,,,,,,,,,,,,,,,,,,,,,,,,,,,,,,,,,,,,,,,,,,,,,,,
CO,MARIANO COMENSE - Pragma S.P.A,5 bis,3,Via S. D'Acquisto,1514310,5060568,255,,,,,,,,,,,204,,204.5,204.4,204.1,204.1,,,,,,,,,,,,,,,,,,,,,,,,,,,,,,,,,,,,,,,,,,,,,,,
CO,MARIANO COMENSE -Soc. Pragma S.P.A - Trotti Grande,20,3,Via S. d'Acquisto,1514310,5060568,255,,X,3,,,,,,,,,,,,,,,204.4,,,,,,,,,,,,203.8,203.8,,,,,,,,,,,,,,,,,,,,,,,,,,,,,,,,
MI - Città,MEDIGLIA,151390001,17,Via Stephenson,1526600,5028740,96.36,,X,2,,,,,,92.84,92.84,93.24,93.34,93.04,93.04,,,92.56,92.66,92.86,92.56,92.26,92.66,,93.16,93.36,,,,88.54,88.84,88.04,,50,75,50,52.5,69.5,75,,,,,,,,,,,,,,,,,,,,,1.5,5.9,48.5,1968,88
MI - Città,MEDIGLIA,151390001,18,Via Stephenson,1526616,5028755,96.36,,X,2,,,,,,92.84,92.84,93.24,93.34,93.04,93.04,,,92.56,92.66,92.86,92.56,92.26,92.66,,93.16,93.36,,,,88.54,88.84,88.04,,,,,,,,,,,,,,,,,,,,,,,,,,,,,,,,
LC,MERATE,PC097048001,4,REGONDINO,1531012,5061302,266,,X,2,,,,,,,,,235.27,237.76,237.66,238,237.01,236.29,240.26,239.93,238.06,241.19,239.24,239.68,239.64,241.16,,,,240.1,243.25,,,,,,,,,,,,,,,,,,,,,,,,,,,,,,,,,
MI,MEZZAGO                           ,151450001,9,via Unione,1534736.001,5052942.997,220.39,,,,,,,,,182.39,183.39,181.69,182.39,182.09,181.69,,,,,,,,,,,,,,,,,,,,,,,,,,,,,,,,,,,,,,,,,,,,,,,,,
MI - Città,MILANO - Acqued. Anfossi 16,151460036,17,,1516872,5033973,115,,,3,,,,,,,,,,,,,,101.5,102.3,102.47,102.4,102.6,102.65,102.55,,102.8,,,,103.6,103.4,103.1,,,,,,,,,,,,,,,,,,,,,,,,,,,,,,,,
MI - Città,MILANO - Acqued. C. Armi 4,151460040,17,,1512512,5035801,123.7,,,2,,,,,,,,,,,,,,105.3,104.9,105,105,105.1,105.15,105,105.1,105.2,,,,105.9,106.1,112.9,,,,,,,,,,,,,,,,,,,,,,,,,,,,,,,,
MI - Città,MILANO - Acqued. C. Feltre 17,151460290,17,,1518933,5037571,121.5,,,2,,,,,,,,,,,,,,103.7,104.5,105.5,105.5,105.4,105.15,105,106.8,106.3,,,,106.3,107.25,107.3,,,,,,,,,,,,,,,,,,,,,,,,,,,,,,,,
MI - Città,MILANO - Acqued. C. Ovidio 10,151460413,17,,1519041,5033694,109.8,,,2,,,,,,,,,,,,,,100.5,99.7,99.9,99.9,99.9,99.65,100.25,100.2,100.6,,,,101.17,100.65,101.1,,,,,,,,,,,,,,,,,,,,,,,,,,,,,,,,
MI - Città,MILANO - Acqued. C. Salemi 8,151460477,17,,1512360,5041410,141.5,,,3,,,,,,,,,,,,,,116.1,115.8,115.5,115.5,115.2,115.4,116.05,116.6,117.4,,,,119,119.5,119,,,,,,,,,,,,,,,,,,,,,,,,,,,,,,,,
MI - Città,MILANO - Fogn. PZ 20,151461435,17,,1509933,5031679,114.2,,,1,,,,,,,,,,,,,,107.75,108.3,107.6,107.8,107.7,108,,,,,,,108.1,107.9,107.3,107.3,,,,,,,,,,,,,,,,,,,,,,,,,,,,,,,
MI - Città,MILANO - Fogn. PZ 40,151461120,17,,1513631,5033934,117.74,,,1,,,,,,,,,,,,,,103.84,103.64,104.24,103.74,104.04,104.14,104.04,,,,,,104.54,104.44,104.44,103.74,,,,,,,,,,,,,,,,,,,,,,,,,,,,,,,
MI - Città,MILANO - Fogn. PZ 43  ,151461313,17,,1519749,5037968,119.3,,,1,,,,,,,,,,,,,,108.87,109,108.6,108.2,108.8,108.6,,,,,,,111.5,110.8,110.4,109.8,,,,,,,,,,,,,,,,,,,,,,,,,,,,,,,
MI - Città,MILANO - Fogn. PZ 54,151461379,17,,1518799,5029419,103.4,,,1,,,,,,,,,,,,,,98.6,98.4,98.5,98.7,98.6,99.3,,,,,,,100.2,99.7,99.4,99.1,,,,,,,,,,,,,,,,,,,,,,,,,,,,,,,
MI - Città,MILANO - FOgn.PZ 4,151461534,17,,1510149,5040199,138.83,,,1,,,,,,,,,,,,,,103.84,103.64,104.24,103.74,104.04,104.14,104.04,,,,,,123.23,123.13,122.83,122.63,,,,,,,,,,,,,,,,,,,,,,,,,,,,,,,
LC,MISSAGLIA,PI097049101,4,BRIVIO,1528143,5059731,274.5,,X,2,,,,,,,251.11,250.99,250.75,251.37,251.79,251.23,250.85,250.66,252.13,251.4,251.3,249.7,251.15,250.9,251.7,252.6,,,,252.3,251.35,250.95,250.65,,,,,,,,,,,,,,,,,,,,,,,,,,,,,,,
MI - MONZA,MONZA - AGAM,151490084,9,pozzo Battisti 2,1521014,5048849,174,,,2,,,,,,,,,,,,,,136.4,134.6,135.9,,,134.5,134.9,136.05,136.6,136.4,,,140.3,140.3,139.25,,,,,,,,,,,,,,,,,,,,,,,,,,,,,,,,
MI - Par.,MORIMONDO,151500013,19,Loc. Fallavecchia,1497393,5018893,103.74,,,2,,,,,,,,,,,,,,91.7,91.3,91,,91.65,92.5,92.55,92.24,92.14,,,,94.6,94.4,94.1,,,,,,,,,,,,,,,,,,,,,,,,,,,,,,,,
VA,MORNAGO,PO1210601101T0,1,VINAGO,1480820,5064970,289.4,,,,,,,,,,,276.1,275.15,274.35,273.82,273.27,272.79,,,,,,,,,,,,,,,,,,,,,,,,,,,,,,,,,,,,,,,,,,,,,,,
VA,MORNAGO,PO1210601504T0,1,Montonate,1481720,5065240,289.7,,X,SUPERF. (acquifero locale),,,,,,,280.84,278.89,277.82,276.63,276.12,275.54,275.18,273.9,273.37,273.34,273.45,274.03,274.8,274.92,274.96,275.97,,,,283.39,282.15,,,,,,,,,,,,,,,,,,,,,,,,,,,,,,,,,
CO,MOZZATE - Aqua Seprio spa - pozzo 4,1 (2),2,via Libertà,1495999,5058550,262.6,,X,2,,,,,,,,,,224.3,223.7,224,224.6,,225.9,226,226,226.1,,,226.8,226.6,,,,227.8,227.6,228.5,,,,,,,,,,,,,,,,,,,,,,,,,,,,,,,,
MI - Par.,NERVIANO,151540065,11,Cantone 65,1498320,5043055,166,,X,3,,,,,,155.1,155,155.5,155.4,156.7,156,,,155,154.5,154.2,,154.3,155,,156,156.4,,,,156.2,155.9,155.6,,,,,,,,,,,,,,,,,,,,,,,,,,,,,,,,
CO,NOVEDRATE - Comune - pozzo 3,19(3bis),3,Villaggio Veneto - 1,1511046,5060448,282,,X,3,,,,,,,,,,200.48,,201.6,200.08,,207.22,206.22,203.22,201.22,207.22,207.72,201.22,199.22,,,,211.72,,,,,,,,,,,,,,,,,,,,,,,,,,,,,,,,,,
CO,OLGIATE COMASCO - Comune,20,2,via Repubblica,1498015,5068805,398,,,,,,,,,,,,,,,,,,,,,,,,,,,,,,,,,,,,,,,,,,,,,,,,,,,,,,,,,,,,,,,
CO,OLTRONA DI SAN MAMETTE - Az. Colline Comasche,14(21),2,Margè,1497860,5067095,373,,X,2,,,,,,,,,,310.7,,309.7,309.7,,308.47,308.3,308.32,309.85,310.17,310.2,310.07,xxx,,,,312.98,312.35,311.6,,,,,,,,,,,,,,,,,,,,,,,,,,,,,,,,
LO,ORIO LITTA - CAP                         ,980420003,24,via Pio Rossi,1543820,5000952,51.5,,X,1,,,,,,40.9,40.6,40.2,,39.8,,,39.6,39.4,28.6,39.3,,39.7,,,40.5,40.3,,,,40.3,40,39.8,,,,,,,,,,,,,,,,,,,,,,,,,,,,,,,,
LC,OSNAGO,PC097061011,4,STATALE -via Statale,1530797,5057843,246,,X,2,,,,,,,,,223.31,222.59,222.07,221.03,220.26,219.39,221.86,223.32,222.76,225.08,224.72,225.57,225.37,226.98,,,,233.39,230.98,228.18,225.25,,,,,,,,,,,,,,,,,,,,,,,,,,,,,,,
MI,OZZERO            ,151650025,19, v.25 Aprile-Faraon,1493904.997,5024331.997,107.99,,,,,,,,,102.29,103.29,103.69,103.99,103.39,102.79,,,,,,,,,,,,,,,,,,,,,,,,,,,,,,,,,,,,,,,,,,,,,,,,,
MI - Città,PANTIGLIATE,151670001,17,via D'Annunzio,1527170,5032050,97.39,,,2,,,,,,,,,,,,,,92.09,92.39,92.49,91.99,91.69,92.19,,93.09,93.09,,,,92.09,92.39,91.79,,,,,,,,,,,,,,,,,,,,,,,,,,,,,,,,
MI - Città,PANTIGLIATE,151670001,18,via D'Annunzio,1527170,5032050,97.39,,,2,,,,,,,,,,,,,,92.09,92.39,92.49,91.99,91.69,92.19,,93.09,93.09,,,,92.09,92.39,91.79,,,,,,,,,,,,,,,,,,,,,,,,,,,,,,,,
PV,PAVIA - 40,4,22,Campeggi 1,1510910,5006400,82.6,,,,,,,,,,,,68.56,68.6,69.17,68.1,68.17,,,,,,,,,,,,,,,,,,,,,,,,,,,,,,,,,,,,,,,,,,,,,,,
MI - Città,PESCHIERA BORROMEO,151710197,18,FEM Mezzate,1522946,5032854,105.61,,,1,,,,,,102.51,102.51,102.81,102.81,102.61,,,,102.21,102.51,102.81,102.31,101.81,102.21,,102.21,102.41,,,,,,,,,,,,,,,,,,,,,,,,,,,,,,,,,,,,,,
MI - Città,PESCHIERA BORROMEO - CAP,151710197,17,FEM Mezzate,1522946,5032854,105.61,,,1,,,,,,102.51,102.51,102.81,102.81,102.61,,,,102.21,102.51,102.81,102.31,101.81,102.21,,102.21,102.41,,,,manca,manca,,,,,,,,,,,,,,,,,,,,,,,,,,,,,,,,,
MI - Par.,RESCALDINA,151810001,6,"via Melzi Comune, 1",1496143.502,5051419.778,180.25,,X,1,,,,,,,,,,,,,,140.75,140.35,140.25,,,180.25,,180.25,142.75,,,,144.2,144.85,144.6,,,,,,,,,,,,,,,,,,,,,,,,,,,,,,,,
MI - Par.,RHO,151820106,11,Alumix spa via S.Martino,1503760,5039860,138.59,,,1,,,,,,,,,,,,,,130.59,131.19,130.79,130.59,131.29,131.79,,133.29,133.29,,,,132.39,132.19,131.69,,,,,,,,,,,,,,,,,,,,,,,,,,,,,,,,
MI - Città,RODANO,151850004,18,via S.Pellico,1528130,5035520,110.5,,X,3,,,,,,108,108,108.1,108.1,108.2,108,,,105.6,105.5,104.5,,104.5,104.9,104.75,108.7,108.8,,,,109,108.9,108.9,,,,,,,,,,,,,,,,,,,,,,,,,,,,,,,,
MI - Città,RODANO - CAP,151850004,17,via S.Pellico,1528135,5035520,110.5,,X,3,,,,,,108,108,108.1,108.1,108.2,108,,,105.6,105.5,104.5,,104.5,104.9,104.75,108.7,108.8,,,,109,108.9,108.9,,164,198,164,166,169,172,192,198,,,,,,,,,,,,,,,,,,,3,10.7,38.1,1994,218
MI - MONZA,RONCELLO - CAP,151860001,9,S.Ambrogio-serb.,1535790,5049790,192.99,,X,2,,,,,,160.99,160.99,161.29,161.39,161.29,160.89,,,160.2,160.2,160.6,159.7,160,160.3,,158.99,159.59,,,,125.09,125.29,124.89,,,,,,,,,,,,,,,,,,,,,,,,,,,,,,,,
CO,ROVELLASCA - Cons. Lura Ambiente - pozzo 2,3(5),2,via Dante,1504185,5057342,247,,X,MISTA,,,,,,,,,,198.5,197.9,,,,197.9,197.5,197.2,197.1,,,,,,,,199.8,199.9,199.5,199.48,,,,,,,,,,,,,,,,,,,,,,,,,,,,,,,
CO,ROVELLO PORRO - Cons. Lura Ambiente - pozzo 3,17(1bis),7,via General Porro,1503100,5055090,235,,X,3,,,,,,,,,,186.8,186.7,,,,187,,185.2,185.1,185.1,,,,,,,189,188.9,188.9,188.95,,,,,,,,,,,,,,,,,,,,,,,,,,,,,,,
CO,ROVELLO PORRO - Consorzio Lura Ambiente spa,4,7,Via don Ballabio,1503030,5056525,245,,,,,,,,,,190.12,,,,190.3,,,,,,,,,,,,,,,,,,,,,,,,,,,,,,,,,,,,,,,,,,,,,,,,,
LO,S.ANGELO LODIGIANO - CAP               ,980500005,23,fraz.Ranera,1532041,5007048,68.25,,X,1,,,,,,61.25,61.25,61.65,,61.75,,61.75,61.95,36.69,36.49,43.59,,35.89,36.19,,63.75,63.85,,,,61.45,61.25,61.25,,,,,,,,,,,,,,,,,,,,,,,,,,,,,,,,
LO,S.ROCCO AL PORTO - CAP        ,980490001,24,via Acquedotto,1554770,4992220,43.59,,X,1,,,,,,39.59,39.59,39.69,,39.59,,,39.49,38.99,39.09,39.29,,,,,36.39,36.59,,,,40.09,40.09,39.79,,,,,,,,,,,,,,,,,,,,,,,,,,,,,,,,
LO,SALERANO,981900003,20,,1530130,5015585,80.48,,,,,,,,,,,,,73.48,,73.38,73.48,,,,,,,,,,,,,,,,,,,,,,,,,,,,,,,,,,,,,,,,,,,,,,,
LO,SALERANO,981900003,21,,1530130,5015585,80.48,,,,,,,,,,,,,73.48,,73.38,73.48,,,,,,,,,,,,,,,,,,,,,,,,,,,,,,,,,,,,,,,,,,,,,,,
VA,SAMARATE,PO1211800500T0,5,via Mezzomonte - C. Costa,1481085,5052910,223.7,,X,SUPERF.,,,,,,,,#,180.34,180.15,180.37,180.23,180.12,179.81,179.58,179.34,179.2,178.91,179,179.16,179.56,179.68,,,,181.57,181.73,,,,,,,,,,,,,,,,,,,,,,,,,,,,,,,,,
MI,SEDRIANO                                      ,152040003,16, via Fagnani ,1497773.996,5037221,144.23,,,,,,,,,138.63,138.83,139.23,139.63,139.83,139.33,,,,,,,,,,,,,,,,,,,,,,,,,,,,,,,,,,,,,,,,,,,,,,,,,
MI - Città,SEGRATE,152050140,18,idroscalo,1523056,5035094,110.72,,X,2,,,,,,104.42,104.22,104.62,105.02,105.22,105.62,,,105.32,105.22,105.02,103.72,103.42,103.72,,104.22,104.62,,,,104.8,104.7,104.5,,,,,,,,,,,,,,,,,,,,,,,,,,,,,,,,
MI - Città,SEGRATE - CAP,152050140,17,idroscalo,1523056,5035090,110.72,,X,2,,,,,,104.42,104.22,104.62,105.02,105.22,105.62,,,105.32,105.22,105.02,103.72,103.42,103.72,,104.22,104.62,,,,104.8,104.7,104.5,,55,93,55,58,81,93,,,,,,,,,,,,,,,,,,,,,7.15,12.65,70,1983,96
MI - Par.,SENAGO,152060004,12,via Adda,1510325,5047249,169.78,,X,2,,,,,,142.18,142.58,142.78,143.18,142.88,142.78,,,142.38,141.78,141.58,,142.08,142.38,,142.78,142.78,,,,142.78,142.48,142.08,,,,,,,,,,,,,,,,,,,,,,,,,,,,,,,,
VA,SESTO CALENDE,PO1212000200T0,1,Abbazia S.P.S. Donato,1471395,5064270,208.22,,X,PROFONDA (valle Ticino),,,,,,,,199.52,199.45,198.88,199.06,198.8,198.48,198.47,198.53,198.66,198.56,199.58,199.62,199.48,199.68,199.92,,,,200.27,199.87,,,,,,,,,,,,,,,,,,,,,,,,,,,,,,,,,
MI - MONZA,SESTO SAN GIOVANNI- CAP,152090016,13,via Tevere,1520400,5044400,121.98,,,,,,,,,,,,,,,,,102.98,102.28,101.78,101.48,102.58,102.98,,103.68,103.98,,,,103.88,104.18,103.98,,,,,,,,,,,,,,,,,,,,,,,,,,,,,,,,
MI - Città,SETTALA,152100004,18,depuratore,1530907,5030968,98.83,,X,1,,,,,,95.63,,96.03,96.13,96.33,96.33,,,96.03,95.83,95.53,,95.83,95.83,95.83,96.38,96.23,,,,95.6,95.4,95.15,,,,,,,,,,,,,,,,,,,,,,,,,,,,,,,,
MI - Città,SETTALA - CAP,152100004,17,depuratore,1530907,5030968,98.83,,X,1,,,,,,95.63,,96.03,96.13,96.33,96.33,,,96.03,95.83,95.53,,95.83,95.83,95.83,96.38,96.23,,,,95.6,95.4,95.15,,14,39,14,18,21,25,27,31,35,39,,,,,,,,,,,,,,,,,2.74,,,1991,43.5
MI - Par.,SETTIMO MILANESE,152110005,16,via Fermi,1505114,5036454,132.82,,,2,,,,,,,,,,,,,,123.62,123.32,123.12,,123.82,123.82,,124.42,124.92,,,,124.82,124.42,124.12,,,,,,,,,,,,,,,,,,,,,,,,,,,,,,,,
PV,SIZIANO - 2,62,20,via I Maggio,1515665,5017899,89.9,,X,2,,,,,,,,,84.02,83.8,83.93,83.73,83.73,83.53,83.69,83.4,83.63,83.98,83.55,84,84.42,83.87,,,,83.88,83.94,,,,,,,,,,,,,,,,,,,,,,,,,,,,,,,,,
MI - Par.,SOLARO,152130021,7,via  S.Paolo,1506736,5051480,208,,X,3,,,,,,168.05,168.35,169.05,169.05,170.35,170.75,,,166,165,164.6,,,,,,166.9,,,,168.5,169.15,169.1,,,,,,,,,,,,,,,,,,,,,,,,,,,,,,,,
PV,TORRE D'ARESE - 1,9,20,via Morivione,1525160,5009820,77.4,,X,3,,,,,,,,,74.28,73.8,74.39,73.6,73.28,,73.18,74.05,73,73.14,73.6,73.72,74.3,74.17,,,,73.8,73.1,,,,,,,,,,,,,,,,,,,,,,,,,,,,,,,,,
MI - Par.,TREZZANO S/N ,152210001,19,via Edison,1505043,5029703,113.21,,X,1,,,,,,,,,,,,,,109.41,110.71,109.51,109.51,109.61,109.91,,110.21,110.01,,,,109.41,109.21,108.81,,,,,,,,,,,,,,,,,,,,,,,,,,,,,,,,
CO,TURATE - Comune - pozzo 6,2(3),6,C.I.E. n.2,1501039,5054988,240,,X,2,,,,,,,,,,188.85,,195.4,195.4,,,192.41,192.41,192.34,192.31,192.78,193.06,193.16,,,,189.16,189.58,189.48,189.27,,,,,,,,,,,,,,,,,,,,,,,,,,,,,,,
LC,USMATE VELATE,PC15227001,4,VALAPERTA1,1527651,5056898,239.5,,X,2,,,,,,,191.88,191.13,188.98,190.87,190.6,190.06,189.65,189.5,188.6,187.5,188.24,186.3,187.84,186,185.82,185.4,,,,189.8,190.1,190.25,189.97,,,,,,,,,,,,,,,,,,,,,,,,,,,,,,,
LC,VERDERIO SUPERIORE,PC09788001,4,SAN CARLO - via San Carlo,1533927,5057534,248,,X,2,,,,,,,,,200.47,199.89,199.4,199.07,199.93,198.55,198.5,199.4,199.6,200.2,201.35,201.1,201.3,201.6,,,,207,205.9,202.45,201.15,,,,,,,,,,,,,,,,,,,,,,,,,,,,,,,
MI - Par.,VERMEZZO,152350001,19,via Dante,1498615,5026490,113.52,,X,2,,,,,,,,,,,,,,111.02,111.22,110.72,,111.42,111.62,,111.82,111.72,,,,111.22,111.4,111.22,,,,,,,,,,,,,,,,,,,,,,,,,,,,,,,,
MI - Città,VERNATE,152360003,19,Pasturago,1506074,5019419,100.79,,X,2,,,,,,97.09,97.29,97.69,97.89,97.59,97.19,,,96.79,97.09,96.99,97.19,96.79,96.79,,97.69,97.79,,,,97.49,97.39,97.09,,,,,,,,,,,,,,,,,,,,,,,,,,,,,,,,
MI - Città,VERNATE - CAP,152360003,17,Pasturago,1506074,5019419,100.79,,X,2,,,,,,97.09,97.29,97.69,97.89,97.59,97.19,,,96.79,97.09,96.99,97.19,96.79,96.79,,97.69,97.79,,,,97.49,97.39,97.09,,59.5,74.5,59.5,74.5,,,,,,,,,,,,,,,,,,,,,,,2.7,10,41.7,1954,78.3
MI,VIGNATE ,152370002,18,via Marconi ,1529485,5038157,117.5,,,,,,,,,109.7,,,,,,,,,,,,,,,,,,,,,,,,,,,,,,,,,,,,,,,,,,,,,,,,,,,,,,
MI - MONZA,VIMERCATE - CAP,152410041,9,IBM pozzo E,1528045,5053045,180.79,,,,,,,,,,,,,,,,,158.49,156.79,156.59,153.09,,,,156.79,157.39,,,,160.79,161.19,160.79,,,,,,,,,,,,,,,,,,,,,,,,,,,,,,,,
