CODICE,CODICE_SIF,CODICE_PTUA2003,PROVINCIA,COMUNE,DATA_INIZIO,X_WGS84,Y_WGS84,QUOTA_MISU,QUOTA_PC_S,PROFONDITA,FILTRI_N,FILTRI_TOP,FILTRI_BOT,USO,TIPO,BACINO_GWB_2015,BACINO_WISE,SONDA_AUTO,NOTE,lat,lon,z_PTUA2003,z_CAP,INFO_PTUA2003,FALDA,ORIGINE,INDIRIZZO
PO0161150U0002,,,BG,GORLE,01/05/2004,555750.0,5060383.0,262.955,262.955,65.0,1,41,65,MONITORAGGIO BONIFICA,PIEZOMETRO,GWB ISS APAO,IT03GWBISSAPAO,,,45.69475591340114,9.716056790232225,,,,,,
PO0160240R0296,,,BG,BERGAMO,01/01/2011,552395.0,5057957.0,232.0,232.0,76.0,2,46,67,MONITORAGGIO BONIFICA,PIEZOMETRO,GWB ISS APAO,IT03GWBISSAPAO,,,45.67318331835092,9.672706281527075,,,,,,
PO016042NU0001,,,BG,BRUSAPORTO,01/03/2012,560015.0,5057521.0,232.0,232.0,75.0,1,39,69,IRRIGUO,POZZO,GWB ISS APAO,IT03GWBISSAPAO,SI,,45.66864136662524,9.770478256814927,,,,,,
PO0160890R0001,,,BG,CURNO,01/01/2006,546219.0,5058655.0,201.044,200.294,40.0,1,25,35,IRRIGUO,POZZO,GWB ISS APAO,IT03GWBISSAPAO,,,45.67990495348686,9.59348279335441,,,,,,
PO0160980R0009,,,BG,FILAGO,01/01/2010,541795.0,5054560.0,202.836,202.836,70.0,1,50,70,MONITORAGGIO DISCARICA,PIEZOMETRO,GWB ISS APAO,IT03GWBISSAPAO,,,45.6433289386173,9.536326293449562,,,,,,
PO016117NU0001,,,BG,GRASSOBBIO,01/03/2009,556822.0,5054066.0,204.898,204.898,60.0,1,21,60,MONITORAGGIO BONIFICA,PIEZOMETRO,GWB ISS APAO,IT03GWBISSAPAO,,,45.63781489354737,9.72908604296438,,,,,,
PO016123NU0001,,,BG,LALLIO,01/03/2012,548636.0,5057202.0,216.8,216.8,60.0,1,55,60,IRRIGUO,POZZO,GWB ISS APAO,IT03GWBISSAPAO,,,45.66666204588214,9.62437142911532,,,,,,
PO0162130R0002,,,BG,TERNO D'ISOLA,01/08/2004,541508.0,5059467.0,230.29,230.29,58.0,1,30,52,MONITORAGGIO BONIFICA,PIEZOMETRO,GWB ISS APAO,IT03GWBISSAPAO,,,45.68751154351576,9.533062608171427,,,,,,
PO0160280R0003,,,BG,BOLGARE,01/11/2009,563270.0,5053189.0,192.624,192.474,22.0,1,10,20,MONITORAGGIO BONIFICA,PIEZOMETRO,GWB ISS APAO,IT03GWBISSAPAO,SI,,45.6293639400367,9.811698759741567,,,,,,
PO0160750U0003,,,BG,CISERANO,01/12/2011,548086.0,5048605.0,159.04,159.04,20.0,1,5,20,MONITORAGGIO,PIEZOMETRO,GWB ISS APAO,IT03GWBISSAPAO,,,45.58932388504041,9.61646235136126,,,,,,
PO0161530R0004,,,BG,OSIO SOTTO,01/01/2010,544462.0,5052042.0,182.635,181.915,50.0,3,24.5,35.2,MONITORAGGIO DISCARICA,PIEZOMETRO,GWB ISS APAO,IT03GWBISSAPAO,SI,,45.6204999406813,9.570318481987869,,,,,,
PO0161570R3380,,,BG,PALOSCO,01/01/2006,564666.0,5047586.0,149.671,149.501,48.0,1,35,44,DOMESTICO,POZZO,GWB ISS APAO,IT03GWBISSAPAO,,,45.578808143100645,9.828863366081787,,,,,,
PO0162120R0001,,,BG,TELGATE,01/05/2014,567086.73,5052562.733,191.0,190.5,72.0,1,48,72,IRRIGUO,POZZO,GWB ISS APAO,IT03GWBISSAPAO,,,45.62336920908224,9.860572400569556,,,,,,
PO0160760R1284,,,BG,CIVIDATE AL PIANO,01/03/2012,565653.0,5042196.0,131.5,131.5,18.0,n.d.,n.d.,n.d.,MONITORAGGIO,PIEZOMETRO,GWB ISS APAO,IT03GWBISSAPAO,,,45.530205235508674,9.84078922517723,,,,,,
PO0161290R0001,,,BG,LURANO,01/01/2006,550460.0,5045643.0,142.426,142.296,30.0,1,25,30,INDUSTRIALE,POZZO,GWB ISS APAO,IT03GWBISSAPAO,,,45.56249629421228,9.646589076661783,,,,,,
PO0161830R0003,,,BG,ROMANO DI LOMBARDIA,01/02/2006,559060.0,5041598.0,124.207,124.207,62.0,1,55,60,POTABILE,POZZO,GWB ISS APAO,IT03GWBISSAPAO,SI,,45.525413290532455,9.7562912502622,,,,,,
PO016219NUP001,,,BG,TREVIGLIO,01/03/2015,546053.6207,5041359.158,127.309,126.559,57.0,2,38,54,POTABILE,POZZO,GWB ISS APAO,IT03GWBISSAPAO,,,45.52424482087821,9.58972608633374,,,,,,
PO0161770U0001,,,BG,PUMENENGO,01/01/2006,567748.0,5036468.0,110.197,110.197,60.0,1,42,54,POTABILE,POZZO,GWB ISS APAO,IT03GWBISSAPAO,SI,DATI SONDA AUTOMATICA NON VALIDI,45.47845206713151,9.866824334316709,,,,,,
PO0170290UB135,,,BS,BRESCIA,01/01/2006,591217.0,5041379.0,119.62,119.62,25.0,1,9,25,MONITORAGGIO BONIFICA,PIEZOMETRO,GWB ISS APOM,IT03GWBISSAPOM,SI,,45.51997436843815,10.16796508151335,,,,,,
PO0170400RC511,,,BS,CASTEGNATO,01/01/2006,584404.0,5046117.0,157.22,157.28,60.0,1,37.5,55.5,INDUSTRIALE,PIEZOMETRO,GWB ISS APOM,IT03GWBISSAPOM,,,45.56347240999335,10.08156336325926,,,,,,
PO0171660UC529,,,BS,ROVATO,01/01/2006,579372.0,5046593.0,176.48,176.48,81.0,1,63,75,INDUSTRIALE,POZZO,GWB ISS APOM,IT03GWBISSAPOM,,,45.568348487008215,10.017170568792237,,,,,,
PO0170290RC490,,,BS,BRESCIA,01/01/2006,600963.0,5039596.0,135.48,135.48,34.0,1,17,34,ANTINCENDIO,POZZO,GWB ISS APOM,IT03GWBISSAPOM,SI,,45.50258552564528,10.29235752141208,,,,,,
PO017029NR0001,,,BS,BRESCIA,01/03/2012,591971.0,5038818.0,107.06,107.06,12.0,1,3,12,INDUSTRIALE,PIEZOMETRO,GWB ISS APOM,IT03GWBISSAPOM,SI,,45.4968282567343,10.177136886937886,,,,,,
PO017029NR0003,,,BS,BRESCIA,01/01/2016,599429.0,5039811.0,0.0,0.0,30.0,2,12,30,MONITORAGGIO,PIEZOMETRO,GWB ISS APOM,IT03GWBISSAPOM,,,45.5047407339196,10.272770367660772,,,,,,
PO0170450RC542,,,BS,CASTREZZATO,01/02/2010,578796.0,5040213.0,129.4,129.92,28.0,1,15,24,INDUSTRIALE,POZZO,GWB ISS APOM,IT03GWBISSAPOM,,,45.510996050172906,10.008762779990322,,,,,,
PO0171130RC561,,,BS,MONTICHIARI,01/01/2009,605366.0,5033595.0,118.75,120.0,56.0,1,25,52,INDUSTRIALE,PIEZOMETRO,GWB ISS APOM,IT03GWBISSAPOM,,,45.44793298041244,10.347414132436352,,,,,,
PO017113NRD106,,,BS,MONTICHIARI,01/01/2006,605200.0,5032183.0,111.68,111.28,41.8,1,29.8,41.8,INDUSTRIALE,POZZO,GWB ISS APOM,IT03GWBISSAPOM,,,45.43525177295833,10.344989929636167,,,,,,
PO0171140UC023,,,BS,MONTIRONE,01/01/2006,596315.0,5033160.0,98.78,100.61,55.5,1,22.25,31.25,POTABILE,POZZO,GWB ISS APOM,IT03GWBISSAPOM,,,45.44532494195361,10.231613454857763,,,,,,
PO0200170R0001,,,MN,CASTIGLIONE DELLE STIVIERE,01/01/2006,615368.0,5028467.0,105.253,105.253,28.0,1,18,28,NON DEFINITO,PIEZOMETRO,GWB ISS APOM,IT03GWBISSAPOM,,,45.40020967766348,10.474076708501368,,,,,,
PO0170340RC481,,,BS,CALVISANO,01/01/2006,603498.0,5027951.0,85.95,85.8,10.0,1,4,10,INDUSTRIALE,PIEZOMETRO,GWB ISS APOM,IT03GWBISSAPOM,SI,,45.397422703675936,10.322346307470406,,,,,,
PO020017NU0005,,,MN,CASTIGLIONE DELLE STIVIERE,01/05/2014,618058.0846,5027962.536,112.83,112.69,60.0,1,48,58,NON DEFINITO,PIEZOMETRO,GWB ISS APOM,IT03GWBISSAPOM,SI,,45.39522173166024,10.50831573946654,,,,,,
PO0170340RC483,,,BS,CALVISANO,01/07/2009,604569.0,5024858.0,75.97,75.64,12.0,1,6,12,INDUSTRIALE,PIEZOMETRO,GWB ISS APOM,IT03GWBISSAPOM,SI,,45.369429978262616,10.33537071371352,,,,,,
PO0130230U0003,,,CO,BINAGO,01/01/2006,492805.0,5069886.0,372.084,373.384,30.0,1,20.5,29.5,POTABILE,POZZO,GWB ISS APTA,IT03GWBISSAPTA,,,45.782496602020025,8.907442131473825,,,,,,
PO012002NU0008,,PO1200200800T0,VA,ALBIZZATE,01/09/2011,485002.0,5065315.0,313.8,315.12,48.5,1,18,28.5,POTABILE,POZZO,GWB ISS APTA,IT03GWBISSAPTA,,Gestore spegne pozzo al massimo per 30',45.741229132208446,8.807205017197962,317.9,,via G. Rossa 8 ,SUPERF.,PTUA2003,
PO012136NUZ001,,,VA,VENEGONO INFERIORE,01/08/2005,493230.0,5064390.0,315.709,316.009,67.0,2,28,55,ALTRO MONITORAGGIO,PIEZOMETRO,GWB ISS APTA,IT03GWBISSAPTA,,,45.73303295747794,8.912986328360603,,,,,,
PO0130280U0009,,,CO,BREGNANO,01/01/2006,503950.0,5061917.0,281.548,283.013,96.0,1,71,86,POTABILE,POZZO,GWB ISS APTA,IT03GWBISSAPTA,,,45.71079588069668,9.050748548918438,,,,,,
PO013029NU0003,,,CO,BRENNA,01/01/2006,514917.0,5064395.0,340.871,342.371,79.0,1,57,74,POTABILE,POZZO,GWB ISS APTA,IT03GWBISSAPTA,,,45.73295023124814,9.191725416485538,,,,,,
PO0130460U0001,,,CO,CARIMATE,01/01/2006,508142.0,5061966.0,250.348,253.598,61.0,3,41.41,58,POTABILE,POZZO,GWB ISS APTA,IT03GWBISSAPTA,,,45.71120030243424,9.10460700491566,,,,,,
PO013064NU0002,,,CO,CERMENATE,01/01/2006,506428.0,5061507.0,301.932,304.572,110.0,1,98.3,102.3,POTABILE,POZZO,GWB ISS APTA,IT03GWBISSAPTA,,,45.707086977440646,9.082579772156986,,,,,,
PO0131330U0009,,,CO,LOMAZZO,01/01/2006,502017.0,5061511.0,303.805,306.115,153.0,1,88,91,POTABILE,POZZO,GWB ISS APTA,IT03GWBISSAPTA,,,45.70714988625931,9.02591219447396,,,,,,
PO013143NUP001,,16,CO,MARIANO COMENSE,01/03/2015,513110.453,5061567.053,284.119,285.209,53.0,1,37,47,POTABILE,POZZO,GWB ISS APTA,IT03GWBISSAPTA,,,45.70753319647784,9.168429816929343,289.0,,Via per Novedrate  Pozzo 3   Pragma S.P.A,,PTUA2003,
PO0970200U0002,,,LC,CERNUSCO LOMBARDONE,01/01/2006,531019.0,5060365.0,254.711,256.57,40.0,1,22,36,POTABILE,POZZO,GWB ISS APTA,IT03GWBISSAPTA,,,45.696143185279375,9.398419833931262,,,,,,
PO0970480U0001,,,LC,MERATE,01/01/2001,530989.0,5061279.0,264.704,266.704,49.8,1,35,44,POTABILE,POZZO,GWB ISS APTA,IT03GWBISSAPTA,,,45.70437107786069,9.398092889491815,,,,,,
PO0120500RZ001,,,VA,CISLAGO,01/12/2005,495380.0,5054832.0,207.042,207.752,15.0,n.d.,n.d.,n.d.,ALTRO MONITORAGGIO,PIEZOMETRO,GWB ISS APTA,IT03GWBISSAPTA,,,45.6470207268182,8.940710862731478,,,,,,
PO012070NU1007,,,VA,GALLARATE,01/01/2004,482391.0,5056403.0,252.806,254.856,65.0,4,32,55,POTABILE,POZZO,GWB ISS APTA,IT03GWBISSAPTA,,Gestore spegne pozzo al massimo per 30',45.66095290747508,8.773965068909195,,,,,,
PO0120790RZ001,,,VA,GORLA MINORE,01/12/2005,494757.0,5054445.0,241.321,241.521,50.0,n.d.,n.d.,n.d.,ALTRO MONITORAGGIO,PIEZOMETRO,GWB ISS APTA,IT03GWBISSAPTA,,,45.64353294976908,8.932719987563429,,,,,,
PO012123NUP001,,,VA,SOMMA LOMBARDO,01/03/2015,477395.4323,5053944.915,228.186,231.736,100.0,1,58,88,POTABILE,POZZO,GWB ISS APTA,IT03GWBISSAPTA,,Gestore spegne pozzo al massimo per 30',45.63868335170768,8.709955269550052,,,,,,
PO0131310U0001,,,CO,LOCATE VARESINO,01/03/2012,494595.0,5059657.0,272.942,273.982,58.0,1,50,54,POTABILE,POZZO,GWB ISS APTA,IT03GWBISSAPTA,,,45.690444213933006,8.930583187476616,,,,,,
PO0131590U0001,,,CO,MOZZATE,01/01/2006,495957.0,5058515.0,260.0,261.965,102.5,2,40,98,POTABILE,POZZO,GWB ISS APTA,IT03GWBISSAPTA,,,45.680174545192166,8.9480849539333,,,,,,
PO0970200U0003,,,LC,CERNUSCO LOMBARDONE,01/01/2001,530490.0,5059489.0,246.905,248.915,50.0,1,37,43,POTABILE,POZZO,GWB ISS APTA,IT03GWBISSAPTA,,,45.688282134011416,9.391570292009895,,,,,,
PO0970610U0015,,,LC,OSNAGO,01/01/2006,529860.0,5057943.0,238.515,238.095,46.6,2,21.4,47,POTABILE,POZZO,GWB ISS APTA,IT03GWBISSAPTA,,,45.674394577407774,9.383384599241468,,,,,,
PO1080390U0026,,,MB,SEREGNO,01/03/2015,516742.2773,5056424.618,230.749,233.749,96.0,3,68,88,POTABILE,POZZO,GWB ISS APTA,IT03GWBISSAPTA,,,45.66116895719162,9.214910218116112,,,,,,
PO012026NU3021,,PO1202602103T0,VA,BUSTO ARSIZIO,01/01/2006,486383.0,5048270.0,201.672,204.682,102.0,2,42,95,INDUSTRIALE,POZZO ATTREZZATO CON PIEZOMETRO,GWB ISS APTA,IT03GWBISSAPTA,,Gestore spegne pozzo al massimo per 30',45.5878385047091,8.825434770924014,210.5,,ZONA INDUSTRIALE ,,PTUA2003,
PO0120750R2020,,,VA,GERENZANO,01/01/2006,498243.0,5052530.0,220.926,220.626,62.0,1,33.5,59,INDUSTRIALE,POZZO,GWB ISS APTA,IT03GWBISSAPTA,,,45.62631377148765,8.977460464647569,,,,,,
PO012090NU2009,,,VA,LONATE POZZOLO,01/01/2006,477623.0,5050127.0,208.446,207.946,82.6,1,55,74,POTABILE,POZZO,GWB ISS APTA,IT03GWBISSAPTA,,Gestore spegne pozzo al massimo per 30',45.60432632285084,8.713050565367158,,,,,,
PO0121180U0005,,PO1211800500T0,VA,SAMARATE,01/01/2006,481042.0,5052887.0,223.767,226.067,80.0,2,50,72,POTABILE,POZZO,GWB ISS APTA,IT03GWBISSAPTA,,Gestore spegne pozzo al massimo per 30',45.62927043532758,8.756785997346258,223.7,,via Mezzomonte - C. Costa ,SUPERF.,PTUA2003,
PO0121300RZ001,,,VA,UBOLDO,01/11/2005,497814.0,5049212.0,203.65,204.2,45.0,n.d.,n.d.,n.d.,ALTRO MONITORAGGIO,PIEZOMETRO,GWB ISS APTA,IT03GWBISSAPTA,,,45.596447373390106,8.971971952273773,,,,,,
PO0151810U0001,0151810001,,MI,RESCALDINA,01/01/2005,496110.0,5051398.0,222.44,222.54,81.7,2,51.7,73.7,POTABILE,POZZO,GWB ISS APTA,IT03GWBISSAPTA,,,45.61611603135312,8.950106488910535,180.25,,via Melzi-Comune I,1,PTUA2003,
PO015219NU0009,,,MI,TREZZANO ROSA,01/03/2015,537519.0517,5047771.168,168.999,170.379,45.0,1,34,40.5,POTABILE,PIEZOMETRO,GWB ISS APTA,IT03GWBISSAPTA,,"fino al 2018 misure manuali; successiva transizione a misure con sonde automatiche, i cui dati non sono stati inseriti in quanto non validi",45.58246952641665,9.480935506816804,,,,,,
PO0152210U0001,0152210001,,MI,TREZZO SULL'ADDA,01/01/2006,540511.0,5051067.0,150.393,150.393,32.98,1,17,32,POTABILE,POZZO,GWB ISS APTA,IT03GWBISSAPTA,,"fino al 2018 misure manuali; successiva transizione a misure con sonde automatiche, i cui dati non sono stati inseriti in quanto non validi",45.6119661346521,9.519559768178947,141.68,,via Visconti,1,PTUA2003,
PO108023NU0003,0151000003,,MB,DESIO,01/01/2006,516261.0,5051920.0,199.167,199.167,78.0,3,42,65,POTABILE,POZZO,GWB ISS APTA,IT03GWBISSAPTA,,,45.62063500742705,9.208581900085925,146.19,,via Torricelli,1,PTUA2003,
PO1080310U0001,,,MB,MEZZAGO,01/01/2006,534712.0,5052931.0,220.664,220.664,75.2,1,54,74.65,POTABILE,POZZO,GWB ISS APTA,IT03GWBISSAPTA,,,45.629057420293165,9.445321958810917,,,,,,
PO108033NR0142,,,MB,MONZA,01/01/2006,522621.0,5051383.0,178.79,178.79,42.0,1,10.5,31.5,IRRIGUO,POZZO,GWB ISS APTA,IT03GWBISSAPTA,,,45.61562348348247,9.290136587843271,,,,,,
PO1080350U0024,,,MB,NOVA MILANESE,01/01/1999,514972.0,5048824.0,174.02,176.6,85.0,2,50,79,POTABILE,POZZO,GWB ISS APTA,IT03GWBISSAPTA,,,45.592797162451646,9.191952763436625,,,,,,
PO1080210U0002,,,MB,CONCOREZZO,01/01/2006,525376.0,5047357.0,162.45,162.45,56.0,1,32,47,POTABILE,POZZO,GWB ISS APTA,IT03GWBISSAPTA,,,45.57929091184946,9.325262200691904,,,,,,
PO0152060U0004,0152060004,,MI,SENAGO,01/01/2006,510294.0,5047238.0,169.78,169.78,104.0,2,41.29,64.11,POTABILE,POZZO,GWB ISS APTA,IT03GWBISSAPTA,,"fino al 2018 misure manuali; successiva transizione a misure con sonde automatiche, i cui dati non sono stati inseriti in quanto non validi",45.57860664614248,9.1319438897114,169.78,,v. Adda,2,PTUA2003,
PO015041NR0075,,,MI,BUSTO GAROLFO,01/05/2014,491337.0,5042014.0,171.64,172.01,30.0,1,15,30,MONITORAGGIO,PIEZOMETRO,GWB ISS APTA,IT03GWBISSAPTA,SI,,45.531607490202425,8.889054061307203,,,,,,
PO015051NR0012,,,MI,CARUGATE,01/05/2014,526092.0,5045211.0,0.0,153.0,40.0,2,22,37,INDUSTRIALE,POZZO,GWB ISS APTA,IT03GWBISSAPTA,SI,,45.55994854161797,9.334324909887304,,,,,,
PO015060NU0070,,,MI,CASSINA DE' PECCHI,01/05/2014,528555.0,5041375.0,134.13,134.13,43.0,n.d.,n.d.,n.d.,MONITORAGGIO,PIEZOMETRO,GWB ISS APTA,IT03GWBISSAPTA,,,45.5253244282808,9.3656595767229,,,,,,
PO015062NR0071,,,MI,CASTANO PRIMO,01/05/2014,479252.0,5043806.0,170.69,170.64,35.0,1,20,35,MONITORAGGIO,PIEZOMETRO,GWB ISS APTA,IT03GWBISSAPTA,,,45.54748207756073,8.73420820654395,,,,,,
PO0151080U0002,0151080002,,MI,GORGONZOLA,01/01/2006,532049.0,5042247.0,0.0,134.37,90.0,1,33.05,46.6,POTABILE,POZZO,GWB ISS APTA,IT03GWBISSAPTA,,"fino al 2018 misure manuali; successiva transizione a misure con sonde automatiche, i cui dati non sono stati inseriti in quanto non validi",45.53302119623268,9.410457803668589,121.42,,v. Manzoni,,PTUA2003,
PO015194NU0017,,,MI,SAN GIORGIO SU LEGNANO,01/05/2014,492931.0,5045894.0,191.6,191.65,50.0,1,28,50,MONITORAGGIO,PIEZOMETRO,GWB ISS APTA,IT03GWBISSAPTA,,,45.56654955411028,8.90941210511973,,,,,,
PO0152490U0002,0152490020,,MI,VANZAGHELLO,01/01/2005,482332.0,5046719.0,191.913,191.913,60.0,1,54,58,ALTRO MONITORAGGIO,PIEZOMETRO,GWB ISS APTA,IT03GWBISSAPTA,,"fino al 2018 misure manuali; successiva transizione a misure con sonde automatiche, i cui dati non sono stati inseriti in quanto non validi",45.57378689030802,8.773558840213552,191.5,,C.La Fogna piez,,PTUA2003,
PO108033NU0243,,,MB,MONZA,01/03/2014,520727.0,5045937.0,163.584,163.584,50.0,1,22.5,49.5,MONITORAGGIO,PIEZOMETRO,GWB ISS APTA,IT03GWBISSAPTA,SI,,45.566663724453065,9.265613128977533,,,,,,
PO1080520U0016,,,MB,CAPONAGO,01/03/2015,528637.8837,5045729.304,155.237,157.507,42.0,1,40.5,42,POTABILE,PIEZOMETRO,GWB ISS APTA,IT03GWBISSAPTA,,,45.56451359285678,9.366975836497913,,,,,,
PO015019NR0001,0150190001,,MI,BERNATE TICINO,01/03/2013,486506.0,5037842.0,151.01,151.13,63.5,1,40,54.25,ALTRO MONITORAGGIO,POZZO,GWB ISS APTA,IT03GWBISSAPTA,,,45.49397816338367,8.827299185110007,139.53,,v.Pellico-Casate,1,PTUA2003,
PO015113NUP001,,,MI,INVERUNO,01/03/2015,489297.5977,5039466.985,158.606,158.826,25.0,1,9,25,ALTRO MONITORAGGIO,PIEZOMETRO,GWB ISS APTA,IT03GWBISSAPTA,,,45.50865325685648,8.862991416958833,,,,,,
PO015146NU1313,0151461313,,MI,MILANO,01/01/2010,519751.0,5037935.0,118.845,118.845,19.0,n.d.,n.d.,n.d.,ALTRO MONITORAGGIO,PIEZOMETRO,GWB ISS APTA,IT03GWBISSAPTA,,,45.49466612435916,9.25278311987484,119.3,,nan  Fogn. PZ 43  ,1,PTUA2003,
PO015146NU1534,0151461534,,MI,MILANO,01/01/2010,510123.0,5040197.0,138.95,138.83,24.0,n.d.,n.d.,n.d.,ALTRO MONITORAGGIO,PIEZOMETRO,GWB ISS APTA,IT03GWBISSAPTA,,,45.51523284574417,9.129606368874434,138.83,,nan  FOgn.PZ 4,1,PTUA2003,
PO015146NU1536,,,MI,MILANO,01/03/2012,511864.0,5036686.0,125.2,125.2,19.0,n.d.,n.d.,n.d.,ALTRO MONITORAGGIO,PIEZOMETRO,GWB ISS APTA,IT03GWBISSAPTA,,,45.48360250118908,9.151811643170053,,,,,,
PO015146NU1557,,,MI,MILANO,01/03/2012,514394.0,5036838.0,123.76,123.7,30.0,n.d.,n.d.,n.d.,ALTRO MONITORAGGIO,POZZO,GWB ISS APTA,IT03GWBISSAPTA,,,45.48492305802869,9.184189806521267,,,,,,
PO015243NUP001,,,MI,VITTUONE,01/03/2015,496210.5145,5037318.334,147.213,146.463,50.0,1,30,50,POTABILE,PIEZOMETRO,GWB ISS APTA,IT03GWBISSAPTA,,"fino al 2018 misure manuali; successiva transizione a misure con sonde automatiche, i cui dati non sono stati inseriti in quanto non validi",45.48938482411444,8.95150481522566,,,,,,
PO015146NU1120,0151461120,,MI,MILANO,01/01/2010,513604.0,5033914.0,117.37,117.37,17.0,n.d.,n.d.,n.d.,ALTRO MONITORAGGIO,PIEZOMETRO,GWB ISS APTA,IT03GWBISSAPTA,,,45.45861958137727,9.173999779020887,117.74,,nan  Fogn. PZ 40,1,PTUA2003,
PO015146NU1353,,,MI,MILANO,01/03/2012,519795.0,5033780.0,108.811,108.811,16.0,n.d.,n.d.,n.d.,ALTRO MONITORAGGIO,PIEZOMETRO,GWB ISS APTA,IT03GWBISSAPTA,,,45.4572653659559,9.253178716873853,,,,,,
PO018162NUP001,,,PV,TRAVACO' SICCOMARIO,01/03/2015,512843.2754,4999704.742,61.197,60.482,14.0,n.d.,n.d.,n.d.,POTABILE,PIEZOMETRO,GWB ISS BPPO,IT03GWBISSBPPO,,,45.15070249999365,9.163382961209646,,,,,,
PO019071NRA001,,,CR,PIADENA,01/01/2006,611002.0,4998742.0,26.5,26.14,10.0,1,1,10,IRRIGUO,PIEZOMETRO,GWB ISS BPPO,IT03GWBISSBPPO,,,45.1334279212755,10.411662098856352,,,,,,
PO0181140U0002,,,PV,PIEVE PORTO MORONE,01/01/2006,534746.0,4995245.0,55.383,55.383,24.0,1,12,18,POTABILE,POZZO,GWB ISS BPPO,IT03GWBISSBPPO,,,45.109819882165645,9.441698102871497,,,,,,
PO019040NRA001,,,CR,DEROVERE,01/01/2006,597838.0,4994940.0,32.95,32.7,10.0,1,2,10,IRRIGUO,PIEZOMETRO,GWB ISS BPPO,IT03GWBISSBPPO,,,45.10115783848367,10.243548312524648,,,,,,
PO019089NUA001,,,CR,SAN DANIELE PO,01/05/2014,590532.0,4991152.0,33.6,33.6,25.0,1,13,25,DIDATTICO/SCIENTIFICO,POZZO,GWB ISS BPPO,IT03GWBISSBPPO,,,45.06803923548214,10.150022224552083,,,,,,
PO019091NRA001,,,CR,SAN MARTINO DEL LAGO,01/01/2006,602954.0,4991122.0,29.18,28.83,12.0,1,2,12,IRRIGUO,PIEZOMETRO,GWB ISS BPPO,IT03GWBISSBPPO,,,45.0660714888026,10.307773243510464,,,,,,
PO0200030R0002,,,MN,BAGNOLO SAN VITO,01/10/2005,645227.0,4994417.0,17.258,17.258,52.3,n.d.,n.d.,n.d.,IGIENICO,POZZO,GWB ISS BPPO,IT03GWBISSBPPO,SI,,45.08830784105811,10.845462043610375,,,,,,
PO020021NRP001,,,MN,CURTATONE,01/03/2015,633518.3157,4994872.379,20.444,21.694,40.0,1,34,40,IRRIGUO,POZZO,GWB ISS BPPO,IT03GWBISSBPPO,,,45.09471228206729,10.696864359763076,,,,,,
PO0200310R0062,,,MN,MARCARIA,01/06/2001,627739.0,4991877.0,21.824,21.824,8.0,n.d.,n.d.,n.d.,IRRIGUO,POZZO,GWB ISS BPPO,IT03GWBISSBPPO,,,45.06882684511838,10.622682759038806,,,,,,
PO0980110U0001,0980110001,,LO,CASELLE LANDI,01/03/2015,562209.7293,4994623.069,45.233,45.493,62.3,2,32.5,61,POTABILE,POZZO,GWB ISS BPPO,IT03GWBISSBPPO,,,45.10233820273572,9.790719260117047,45.34,45.58,via Roma I,,PTUA2003-CAP                                                                                                                                                                                                                                                           ,via Roma I                                                                                                                                                                                                                                                    
PO098049NR0141,,,LO,SAN ROCCO AL PORTO,01/05/2014,550976.491,4994237.896,49.723,49.747,12.0,1,5.2,12,MONITORAGGIO,PIEZOMETRO,GWB ISS BPPO,IT03GWBISSBPPO,,,45.099770461788594,9.647909677464376,,,,,,
PO0180470U0001,,,PV,CERVESINA,01/01/2006,501288.0,4989873.0,71.908,71.718,81.0,2,42,77,POTABILE,POZZO,GWB ISS BPPO,IT03GWBISSBPPO,,,45.06231522541533,9.016359748355203,,,,,,
PO019103NRA001,,,CR,STAGNO LOMBARDO,01/01/2006,583736.0,4989691.0,34.83,34.46,12.0,1,1,12,IRRIGUO,PIEZOMETRO,GWB ISS BPPO,IT03GWBISSBPPO,,,45.05572646156799,10.063464746968014,,,,,,
PO019083NRA001,,,CR,RIVAROLO DEL RE ED UNITI,01/05/2014,616502.0,4988727.0,21.39,22.0,20.0,1,10,20,ANTINCENDIO,POZZO,GWB ISS BPPO,IT03GWBISSBPPO,si,,45.04241928906904,10.479256731705936,,,,,,
PO0200290R0002,,,MN,MAGNACAVALLO,01/03/2012,668106.0,4985295.0,13.0,13.0,15.0,1,13,15,NON DEFINITO,PIEZOMETRO,GWB ISS BPPO,IT03GWBISSBPPO,,,45.00118347909417,11.132954044496936,,,,,,
PO0200370R0002,,,MN,MOTTEGGIANA,01/11/2012,634438.0,4988250.0,18.0,18.0,13.0,1,10,13,NON DEFINITO,PIEZOMETRO,GWB ISS BPPO,IT03GWBISSBPPO,SI,,45.03495107792761,10.706772770606795,,,,,,
PO0200400R0001,,,MN,PIEVE DI CORIANO,01/01/2006,664174.0,4988419.0,11.817,11.817,51.0,n.d.,n.d.,n.d.,NON DEFINITO,PIEZOMETRO,GWB ISS BPPO,IT03GWBISSBPPO,SI,HA PRESO NOME BORGO MANTOVANO,45.0302074611767,11.084117240866766,,,,,,
PO020061NR0001,,,MN,SERMIDE,01/01/2006,677797.0,4988196.0,10.65,10.65,10.0,1,9,10,NON DEFINITO,PIEZOMETRO,GWB ISS BPPO,IT03GWBISSBPPO,,,45.02491576388236,11.256847205630269,,,,,,
PO020061NUP001,,,MN,SERMIDE,01/03/2015,680924.0,4986614.0,0.0,11.66,50.0,1,28,50,MONITORAGGIO,PIEZOMETRO,GWB ISS BPPO,IT03GWBISSBPPO,SI,,45.0098951737787,11.295938792157248,,,,,,
PO0200650R0002,,,MN,SUZZARA,01/12/2005,636024.0,4984904.0,19.42,19.42,10.0,1,9,10,NON DEFINITO,PIEZOMETRO,GWB ISS BPPO,IT03GWBISSBPPO,,,45.00454178956248,10.725993878148152,,,,,,
PO020023NUP001,,,MN,FELONICA,01/03/2015,685844.0,4983484.0,0.0,8.7,50.0,1,14,50,MONITORAGGIO,PIEZOMETRO,GWB ISS BPPO,IT03GWBISSBPPO,SI,,44.98047116226375,11.357166684684444,,,,,,
PO0200270R0053,,,MN,GONZAGA,01/01/2006,646253.0,4978449.0,17.841,17.841,19.0,n.d.,n.d.,n.d.,NON DEFINITO,POZZO,GWB ISS BPPO,IT03GWBISSBPPO,,,44.94442964915025,10.853850097561594,,,,,,
PO0200420R0001,,,MN,POGGIO RUSCO,01/01/2006,668975.0,4982250.0,10.859,10.859,6.0,n.d.,n.d.,n.d.,IRRIGUO,POZZO,GWB ISS BPPO,IT03GWBISSBPPO,,,44.97358535288924,11.142951018967748,,,,,,
PO0161220R0519,,,BG,ISSO,01/01/2006,556753.0,5036727.0,104.8,104.8,35.0,n.d.,n.d.,n.d.,ZOOTECNICO,POZZO,GWB ISS MPAO,IT03GWBISSMPAO,,,45.4817640796279,9.726187569574718,,,,,,
PO019084NRA002,,,CR,RIVOLTA D'ADDA,01/11/2010,540419.0,5033590.0,96.18,95.96,10.5,1,1,10,NON DEFINITO,PIEZOMETRO,GWB ISS MPAO,IT03GWBISSMPAO,SI,,45.45466599883357,9.516936697318776,,,,,,
PO019094NU0944,,,CR,SERGNANO,01/01/2006,554722.0,5030569.0,91.1,90.54,46.0,1,37,42,POTABILE,POZZO,GWB ISS MPAO,IT03GWBISSMPAO,,,45.42650103351132,9.699516143665797,,,,,,
PO019035NRA001,,,CR,CREMA,01/01/2006,552645.0,5022933.0,77.81,77.81,10.0,1,1,10,NON DEFINITO,PIEZOMETRO,GWB ISS MPAO,IT03GWBISSMPAO,SI,,45.35793130928601,9.672152326054473,,,,,,
PO098003NR0063,,,LO,BOFFALORA D'ADDA,01/03/2012,537578.0,5023179.0,72.433,72.403,9.0,1,3,9,PIEZOMETRO,POZZO,GWB ISS MPAO,IT03GWBISSMPAO,,,45.361115608766575,9.479809172042586,,,,,,
PO019047NRA001,,,CR,GENIVOLTA,01/01/2006,568902.0,5021693.0,60.78,60.33,18.0,1,1,15,IRRIGUO,PIEZOMETRO,GWB ISS MPAO,IT03GWBISSMPAO,,,45.34536096227208,9.879521247463696,,,,,,
PO098025NR0110,,,LO,CRESPIATICA,01/05/2014,542967.5282,5021710.343,72.827,72.563,10.0,1,1,10,MONITORAGGIO,PIEZOMETRO,GWB ISS MPAO,IT03GWBISSMPAO,,,45.34758649735981,9.548493881567715,,,,,,
PO019027NRA001,,,CR,CASTELVISCONTI,01/01/2006,574398.0,5015772.0,65.2,64.48,18.0,1,2,18,IRRIGUO,PIEZOMETRO,GWB ISS MPAO,IT03GWBISSMPAO,,,45.29150912880558,9.948777503009474,,,,,,
PO019110NRA001,,,CR,TRIGOLO,01/01/2006,564922.0,5019504.0,70.82,70.16,23.0,1,2,18,IRRIGUO,PIEZOMETRO,GWB ISS MPAO,IT03GWBISSMPAO,,,45.32603886502408,9.828435448255211,,,,,,
PO098024NR0087,,,LO,CORTE PALASIO,01/05/2014,543946.5236,5018367.411,66.918,66.918,10.0,1,3,10,MONITORAGGIO,PIEZOMETRO,GWB ISS MPAO,IT03GWBISSMPAO,,,45.317436175178166,9.560693475236285,,,,,,
PO019065NRA001,,,CR,PADERNO PONCHIELLI,01/01/2006,574438.0,5010588.0,58.87,58.21,24.0,1,4,15,IRRIGUO,PIEZOMETRO,GWB ISS MPAO,IT03GWBISSMPAO,,,45.24484751085924,9.94851008599298,,,,,,
PO019088NRP001,,,CR,SAN BASSANO,01/03/2015,563717.978,5010319.591,50.943,51.343,31.0,1,22,28,IRRIGUO,POZZO,GWB ISS MPAO,IT03GWBISSMPAO,,,45.24348434977906,9.811893041142692,,,,,,
PO019033NRA001,,,CR,CORTE DE' FRATI,01/01/2006,586564.0,5006546.0,48.01,47.83,15.0,1,1.5,15,IRRIGUO,PIEZOMETRO,GWB ISS MPAO,IT03GWBISSMPAO,,,45.2070823263645,10.10229294097848,,,,,,
PO019051NRA001,,,CR,GRUMELLO CREMONESE ED UNITI,01/03/2012,568876.0,5004743.0,46.42,46.42,13.0,n.d.,n.d.,n.d.,IRRIGUO,PIEZOMETRO,GWB ISS MPAO,IT03GWBISSMPAO,,,45.19280601645415,9.876837178729591,,,,,,
PO019070NRA001,,,CR,PESSINA CREMONESE,01/01/2006,599778.0,5003151.0,39.44,39.3,12.0,1,1,12,IRRIGUO,PIEZOMETRO,GWB ISS MPAO,IT03GWBISSMPAO,,,45.17478158770093,10.269839592044145,,,,,,
PO019077NRA001,,,CR,POZZAGLIO ED UNITI,01/01/2006,579839.0,5008345.0,53.81,53.07,18.0,1,4,17,IRRIGUO,PIEZOMETRO,GWB ISS MPAO,IT03GWBISSMPAO,,,45.22406797137635,10.016960485589731,,,,,,
PO019036NUA001,,,CR,CREMONA,01/01/2006,582978.0,4998541.0,42.99,43.3,20.0,1,2,15,NON DEFINITO,PIEZOMETRO,GWB ISS MPAO,IT03GWBISSMPAO,,,45.13546789079543,10.055305832195607,,,,,,
PO0200530R0089,,,MN,ROVERBELLA,01/01/2006,641706.0,5013584.0,35.415,35.415,30.0,n.d.,n.d.,n.d.,ANTINCENDIO,POZZO,GWB ISS MPBM,IT03GWBISSMPBM,,,45.26147096744739,10.806186559933897,,,,,,
PO020004NR0001,,,MN,BIGARELLO,01/02/2010,649416.0,5004823.0,26.3,26.3,15.0,1,5,15,NON DEFINITO,PIEZOMETRO,GWB ISS MPBM,IT03GWBISSMPBM,SI,,45.18105569708118,10.901774819557554,,,,,,
PO0200330R0002,,,MN,MARMIROLO,01/01/2006,639065.0,5008516.0,31.883,31.883,38.0,n.d.,n.d.,n.d.,NON DEFINITO,POZZO,GWB ISS MPBM,IT03GWBISSMPBM,,,45.2164002575539,10.771123039355883,,,,,,
PO0200570U0002,,,MN,SAN GIORGIO DI MANTOVA,01/01/2005,645831.0,5002540.0,23.443,23.443,10.5,1,3,9,NON DEFINITO,POZZO,GWB ISS MPBM,IT03GWBISSMPBM,SI,,45.16126627729201,10.855501769571932,,,,,,
PO0980200U0003,980200003.0,,LO,COMAZZO,01/03/2007,536223.0,5032262.0,99.238,98.783,41.0,1,29,41,POTABILE,POZZO,GWB ISS MPLAN,IT03GWBISSMPLAN,,,45.44294302626333,9.46317619789206,,94.19,,,,Serbatoio                                                                                                                                                                                                                                                     
PO0152100U0004,0152100004,,MI,SETTALA,01/01/2005,530914.0,5030976.0,97.739,97.739,43.0,4,14,39,INDUSTRIALE,POZZO,GWB ISS MPLAN,IT03GWBISSMPLAN,,,45.43162280811389,9.395212037017748,98.6,98.42,depuratore,1,PTUA2003-CAP                                                                                                                                                                                                                                                           ,depuratore                                                                                                                                                                                                                                                    
PO0980180U0001,0980180001,,LO,CERVIGNANO D'ADDA,01/01/2006,533273.0,5024618.0,86.922,87.162,55.0,1,41.5,50.5,POTABILE,POZZO,GWB ISS MPLAN,IT03GWBISSMPLAN,,,45.37428586380008,9.424940002975596,81.68,87.97,p.za Caduti,1,PTUA2003-CAP                                                                                                                                                                                                                                                           ,Piazza Caduti                                                                                                                                                                                                                                                 
PO098031NR0333,,,LO,LODI,01/03/2015,536089.1193,5018845.124,81.233,80.783,75.0,1,40,52,POTABILE,POZZO,GWB ISS MPLAS,IT03GWBISSMPLAS,,,45.3221842550331,9.460482905770602,,,,,,
PO0980320U0002,980320002.0,,LO,LODI VECCHIO,01/01/1999,532553.0,5016525.0,80.442,80.892,66.5,3,31,61,POTABILE,POZZO,GWB ISS MPLAS,IT03GWBISSMPLAS,,,45.301473353949085,9.415212155419807,,80.38,,,,                                                                                                                                                                                                                                                              
PO0152020U0025,,,MI,SAN ZENONE AL LAMBRO,01/03/2015,528291.4058,5018882.33,84.866,84.686,28.0,1,22,28,POTABILE,PIEZOMETRO,GWB ISS MPLAS,IT03GWBISSMPLAS,,"fino al 2018 misure manuali; successiva transizione a misure con sonde automatiche, i cui dati non sono stati inseriti in quanto non validi",45.32287694625898,9.360991546568494,,,,,,
PO0980600U0001,,,LO,VILLANOVA DEL SILLARO,01/01/2008,536331.0,5010155.0,72.786,71.715,59.0,1,39,57,POTABILE,POZZO,GWB ISS MPLAS,IT03GWBISSMPLAS,,,45.24395036262266,9.462932496915275,,,,,,
PO098002NR0045,,,LO,BERTONICO,01/09/2003,551597.0,5007962.0,65.153,64.753,12.0,n.d.,n.d.,n.d.,PIEZOMETRO,POZZO,GWB ISS MPLAS,IT03GWBISSMPLAS,,,45.2232572016619,9.657214573234944,,,,,,
PO0980100U0007,0980100003,,LO,CASALPUSTERLENGO,01/03/2015,550723.7257,5003634.624,61.881,63.661,39.0,1,23.25,35.3,POTABILE,POZZO,GWB ISS MPLAS,IT03GWBISSMPLAS,,,45.18436981726423,9.645651238844446,54.95,60.05,via Cadorna,,PTUA2003-CAP                                                                                                                                                                                                                                                           ,via Cadorna                                                                                                                                                                                                                                                   
PO098052NR0037,,,LO,SECUGNAGO,01/03/2012,545716.0,5007808.0,67.381,67.437,10.0,1,2,10,MONITORAGGIO BONIFICA,PIEZOMETRO,GWB ISS MPLAS,IT03GWBISSMPLAS,,,45.22227750785116,9.582295569855829,,,,,,
PO098026NR0074,,,LO,FOMBIO,01/01/2003,553822.0,4999541.0,58.095,57.91,30.0,1,10,30,NON DEFINITO,PIEZOMETRO,GWB ISS MPLAS,IT03GWBISSMPLAS,,,45.14729327686887,9.68464421724992,,,,,,
PO0980510U0001,,,LO,SANTO STEFANO LODIGIANO,01/03/2015,558473.9317,4998227.47,51.843,51.013,56.6,1,30.75,53,POTABILE,POZZO,GWB ISS MPLAS,IT03GWBISSMPLAS,,,45.13510021802266,9.7436607184223,,,,,,
PO0170600UC013,,,BS,COMEZZANO - CIZZAGO,01/01/2006,574582.0,5036376.0,109.54,108.89,40.0,1,24,36,POTABILE,POZZO,GWB ISS MPOM,IT03GWBISSMPOM,,,45.4769271102981,9.954238596653347,,,,,,
PO017037NRP001,,,BS,CAPRIANO DEL COLLE,01/03/2015,589891.7347,5032071.706,86.237,85.787,40.0,1,30,33,ALTRO MONITORAGGIO,PIEZOMETRO,GWB ISS MPOM,IT03GWBISSMPOM,SI,,45.43638696568139,10.14929525982042,,,,,,
PO017122NRP001,,,BS,BARBARIGA,01/03/2015,583839.7803,5027911.328,80.26,80.05,30.0,1,12,30,IRRIGUO,POZZO,GWB ISS MPOM,IT03GWBISSMPOM,,,45.39969714576089,10.071224859359043,,,,,,
PO0170880RC541,,,BS,LENO,01/01/2006,596024.0,5022678.0,62.16,62.16,12.0,1,3,12,INDUSTRIALE,PIEZOMETRO,GWB ISS MPOM,IT03GWBISSMPOM,SI,,45.35103507242776,10.22585151079556,,,,,,
PO0171220R0001,,,BS,OFFLAGA,01/01/2016,586651.0,5026537.0,0.0,0.0,33.0,1,18,24,ZOOTECNICO,POZZO,GWB ISS MPOM,IT03GWBISSMPOM,SI,,45.38698622675191,10.106895810662852,,,,,,
PO020034NU0002,,,MN,MEDOLE,01/05/2014,620111.0677,5022645.645,83.11,83.16,40.0,1,27,39,NON DEFINITO,PIEZOMETRO,GWB ISS MPOM,IT03GWBISSMPOM,SI,,45.34703044329207,10.533241871189553,,,,,,
PO020063NU0002,,,MN,SOLFERINO,01/05/2014,622268.0218,5023901.63,105.62,105.76,43.0,1,33,43,NON DEFINITO,PIEZOMETRO,GWB ISS MPOM,IT03GWBISSMPOM,,,45.35795895028286,10.561076384636204,,,,,,
PO020018NU0004,,,MN,CAVRIANA,01/05/2014,625401.9723,5021556.687,76.16,76.34,40.0,1,27,39,NON DEFINITO,PIEZOMETRO,GWB ISS MPOM,IT03GWBISSMPOM,SI,,45.33630568065056,10.600479236226349,,,,,,
PO0170860UC579,,,BS,ISORELLA,01/01/2006,604118.0,5018644.0,55.48,55.78,47.0,1,42,47,IRRIGUO,POZZO,GWB ISS MPOM,IT03GWBISSMPOM,,,45.31357761514704,10.3283044267419,,,,,,
PO0200150R0002,,,MN,CASTEL GOFFREDO,01/03/2012,612158.0,5017572.0,51.5,51.5,6.0,1,4,6,NON DEFINITO,PIEZOMETRO,GWB ISS MPOM,IT03GWBISSMPOM,SI,,45.30269230801922,10.430602489855133,,,,,,
PO0200280R0056,,,MN,GUIDIZZOLO,01/01/2006,624064.0,5020093.0,65.27,65.27,54.0,1,44,54,NON DEFINITO,POZZO,GWB ISS MPOM,IT03GWBISSMPOM,SI,,45.323373451885935,10.583042549996112,,,,,,
PO0200700R0002,,,MN,VOLTA MANTOVANA,01/03/2012,628665.0,5019369.0,57.05,57.05,15.0,1,13,15,NON DEFINITO,PIEZOMETRO,GWB ISS MPOM,IT03GWBISSMPOM,SI,,45.3160304513808,10.64153883808833,,,,,,
PO017073NUP001,,,BS,GAMBARA,01/03/2015,601119.1923,5012345.56,48.524,48.324,15.0,1,10,14,IRRIGUO,POZZO,GWB ISS MPOM,IT03GWBISSMPOM,,,45.25733522558431,10.288772182901152,,,,,,
PO0170710RC478,,,BS,FIESSE,01/03/2011,604060.0,5008231.0,41.5,40.78,10.0,1,4,10,INDUSTRIALE,PIEZOMETRO,GWB ISS MPOM,IT03GWBISSMPOM,SI,,45.2198787067589,10.325381827298148,,,,,,
PO0200240R0001,,,MN,GAZOLDO DEGLI IPPOLITI,01/01/2006,624030.0,5006846.0,34.614,34.614,15.0,1,6,12,NON DEFINITO,PIEZOMETRO,GWB ISS MPOM,IT03GWBISSMPOM,,,45.204181931823086,10.579299655825436,,,,,,
PO020032NR0001,,,MN,MARIANA MANTOVANA,01/01/2006,616370.0,5003316.0,33.008,33.008,25.0,1,12,24,NON DEFINITO,PIEZOMETRO,GWB ISS MPOM,IT03GWBISSMPOM,,,45.17372376101871,10.480972931160748,,,,,,
PO0200510R0002,,,MN,RODIGO,01/03/2012,631172.0,5004964.0,31.0,31.0,17.0,1,15,17,NON DEFINITO,PIEZOMETRO,GWB ISS MPOM,IT03GWBISSMPOM,,,45.18595458528186,10.669707101387392,,,,,,
PO0200210R0045,,,MN,CURTATONE,01/01/2008,639385.0,4998578.0,22.963,22.963,30.0,n.d.,n.d.,n.d.,ANTINCENDIO,POZZO,GWB ISS MPOM,IT03GWBISSMPOM,,,45.12692148217469,10.772420152153726,,,,,,
PO020030NU0004,,,MN,MANTOVA,01/01/2008,640758.0,5001180.0,17.9,17.9,16.0,1,9,15,NON DEFINITO,PIEZOMETRO,GWB ISS MPOM,IT03GWBISSMPOM,SI,,45.15006023789292,10.79060353909527,,,,,,
PO0181150U0006,,,PV,PINAROLO PO,01/01/2011,512380.0,4989928.0,67.287,66.637,19.5,1,10.5,14.5,POTABILE,POZZO,GWB ISS MPOP,IT03GWBISSMPOP,,,45.06270324383503,9.157247713322231,,,,,,
PO0181180U0019,,,PV,PORTALBERA,01/01/2006,524321.0,4993134.0,68.079,67.559,17.2,1,10.3,16.3,POTABILE,POZZO,GWB ISS MPOP,IT03GWBISSMPOP,,,45.09125307210425,9.309073225237396,,,,,,
PO018032NR0001,,,PV,CASATISMA,01/01/2006,508567.0,4988324.0,75.728,75.728,17.0,1,15.2,16.4,NON DEFINITO,PIEZOMETRO,GWB ISS MPOP,IT03GWBISSMPOP,,,45.048320734274576,9.108788652586233,,,,,,
PO0180490U0003,,,PV,CIGOGNOLA,01/01/2006,520341.0,4986376.0,107.259,107.259,10.0,1,4.5,9.5,POTABILE,POZZO,GWB ISS MPOP,IT03GWBISSMPOP,,,45.03054499619364,9.258221654203584,,,,,,
PO0181550U0001,,,PV,TORRAZZA COSTE,01/01/2006,505656.0,4980492.0,116.616,116.616,33.0,3,9,29,POTABILE,POZZO,GWB ISS MPOP,IT03GWBISSMPOP,,,44.9778470882484,9.071735082195792,,,,,,
PO0180350U0002,,,PV,CASSOLNOVO,01/05/2014,485404.0,5022621.0,117.58,117.36,46.5,1,30.5,40.5,POTABILE,POZZO,GWB ISS MPP,IT03GWBISSMPP,,,45.35694861525365,8.81364681775458,,,,,,
PO0180500U0002,,,PV,CILAVEGNA,01/01/2006,480174.0,5017487.0,115.897,115.897,50.0,1,41,48.8,POTABILE,POZZO,GWB ISS MPP,IT03GWBISSMPP,,,45.310607424738045,8.747079595287138,,,,,,
PO0181770U0020,,,PV,VIGEVANO,01/01/2006,488853.0,5017022.0,103.06,102.99,46.0,1,30,42,POTABILE,POZZO,GWB ISS MPP,IT03GWBISSMPP,,,45.30661327725844,8.85780764172826,,,,,,
PO018003NR0009,,,PV,ALBONESE,01/11/2015,477798.0,5014771.0,113.49,113.49,19.0,1,1,15,MONITORAGGIO,PIEZOMETRO,GWB ISS MPP,IT03GWBISSMPP,,,45.286088631670566,8.716890987064764,,,,,,
PO018068NRP001,,,PV,GAMBOLO',01/01/2006,492857.0,5011583.0,100.934,100.934,53.5,1,46,49,NON DEFINITO,PIEZOMETRO,GWB ISS MPP,IT03GWBISSMPP,,,45.25770645250831,8.90896135781428,,,,,,
PO018039NRP001,,,PV,CASTELLO D'AGOGNA,01/03/2015,474622.3907,5007946.95,107.215,108.345,58.0,1,33.46,51.46,ANTINCENDIO,POZZO,GWB ISS MPP,IT03GWBISSMPP,,,45.22455521865299,8.676746467645437,,,,,,
PO0180690U0002,,,PV,GARLASCO,01/01/2006,494013.0,5004960.0,92.741,92.741,57.0,2,28,51,POTABILE,POZZO,GWB ISS MPP,IT03GWBISSMPP,,,45.19809992494672,8.923774465554628,,,,,,
PO018147NUP001,,,PV,SCALDASOLE,01/03/2015,492497.439,4996514.77,86.584,87.544,60.0,3,7,50,POTABILE,POZZO,GWB ISS MPP,IT03GWBISSMPP,,,45.12206431754044,8.90460554726539,,,,,,
PO018062NRD002,,,PV,FERRERA ERBOGNONE,01/01/2006,489193.0,4993809.0,86.799,86.459,20.0,1,1,15,NON DEFINITO,POZZO,GWB ISS MPP,IT03GWBISSMPP,,,45.09766489147872,8.862648406148372,,,,,,
PO0180880U0001,,,PV,MEDE,01/01/2006,479549.0,4993807.0,92.936,92.936,53.0,1,30,48,POTABILE,POZZO,GWB ISS MPP,IT03GWBISSMPP,,,45.0974337094121,8.740079011438807,,,,,,
PO018146NRP001,,,PV,SARTIRANA LOMELLINA,01/03/2015,473582.7089,4995758.07,99.039,99.039,50.0,1,39.5,43.5,POTABILE,POZZO,GWB ISS MPP,IT03GWBISSMPP,,,45.1147987251862,8.664148913651337,,,,,,
PO018065NRG001,,,PV,FRASCAROLO,01/01/2006,476409.0,4987902.0,86.66,86.66,10.0,n.d.,n.d.,n.d.,INDUSTRIALE,PIEZOMETRO,GWB ISS MPP,IT03GWBISSMPP,,,45.04418092411173,8.700449632530527,,,,,,
PO0150870U0001,,,MI,CORNAREDO,01/01/2009,501558.0,5037847.0,142.84,142.84,66.7,2,30.7,62.7,POTABILE,POZZO,GWB ISS MPTLN,IT03GWBISSMPTLN,,,45.49415197913191,9.01993987631842,,,,,,
PO015146NU1496,,,MI,MILANO,01/03/2012,506073.0,5037830.0,135.68,135.68,15.0,n.d.,n.d.,n.d.,ALTRO MONITORAGGIO,PIEZOMETRO,GWB ISS MPTLN,IT03GWBISSMPTLN,,,45.49397425749584,9.077724318700698,,,,,,
PO015211NUP001,,,MI,SETTIMO MILANESE,01/03/2015,503699.196,5038340.577,141.431,141.341,54.0,n.d.,n.d.,n.d.,POTABILE,PIEZOMETRO,GWB ISS MPTLN,IT03GWBISSMPTLN,,"fino al 2018 misure manuali; successiva transizione a misure con sonde automatiche, i cui dati non sono stati inseriti in quanto non validi",45.49858666333721,9.047347433117965,,,,,,
PO015146NU1378,,,MI,MILANO,01/03/2012,515287.0,5031505.0,111.174,111.174,14.0,n.d.,n.d.,n.d.,ALTRO MONITORAGGIO,PIEZOMETRO,GWB ISS MPTLN,IT03GWBISSMPTLN,,,45.436900954265056,9.195450900660996,,,,,,
PO015146NU1379,0151461379,,MI,MILANO,01/01/2010,518770.0,5029372.0,103.009,103.009,7.0,n.d.,n.d.,n.d.,ALTRO MONITORAGGIO,PIEZOMETRO,GWB ISS MPTLN,IT03GWBISSMPTLN,,,45.41761657687625,9.239900862531568,103.4,,nan  Fogn. PZ 54,1,PTUA2003,
PO015146NU1435,0151461435,,MI,MILANO,01/01/2010,509862.0,5031663.0,115.102,115.102,9.0,n.d.,n.d.,n.d.,ALTRO MONITORAGGIO,PIEZOMETRO,GWB ISS MPTLN,IT03GWBISSMPTLN,,,45.43842076992926,9.126093314466248,114.2,,nan  Fogn. PZ 20,1,PTUA2003,
PO015146NU1489,,,MI,MILANO,01/03/2012,505546.0,5032794.0,122.041,122.041,12.0,n.d.,n.d.,n.d.,ALTRO MONITORAGGIO,PIEZOMETRO,GWB ISS MPTLN,IT03GWBISSMPTLN,,,45.44864873447879,9.070922722823545,,,,,,
PO0150020U0005,,,MI,ABBIATEGRASSO,01/04/2013,493710.0,5027408.0,120.75,120.75,73.0,1,34.44,58,ALTRO MONITORAGGIO,POZZO,GWB ISS MPTLN,IT03GWBISSMPTLN,,,45.40016171743805,8.919631769878041,,,,,,
PO015140NR0109,,,MI,MELEGNANO,01/05/2014,525097.0,5022171.0,90.34,90.52,21.0,1,9,20,MONITORAGGIO,PIEZOMETRO,GWB ISS MPTLN,IT03GWBISSMPTLN,SI,,45.35260064199001,9.320399277529186,,,,,,
PO0152350U0001,0152350001,,MI,VERMEZZO,01/01/2005,498593.0,5026486.0,115.42,115.42,61.96,2,40.41,59.76,POTABILE,POZZO,GWB ISS MPTLN,IT03GWBISSMPTLN,,"fino al 2018 misure manuali; successiva transizione a misure con sonde automatiche, i cui dati non sono stati inseriti in quanto non validi",45.39188937814272,8.982025182520488,113.52,,via Dante,2,PTUA2003,
PO015247NR0185,,,MI,ZIBIDO S. GIACOMO,01/03/2015,505595.6427,5026876.266,110.0,110.0,35.0,3,3,35,MONITORAGGIO,PIEZOMETRO,GWB ISS MPTLN,IT03GWBISSMPTLN,,,45.39538132303995,9.071490299154435,,,,,,
PO0150150U0001,0150150001,,MI,BASIGLIO,15/01/2009,512869.0,5021793.0,96.789,96.789,42.0,1,32,40,ALTRO MONITORAGGIO,POZZO,GWB ISS MPTLN,IT03GWBISSMPTLN,,,45.34952935902273,9.164282389726978,96.7,96.68,p.za M.Rossi-Chiesa,1,PTUA2003-CAP                                                                                                                                                                                                                                                           ,Piazza Rossi-Chiesa                                                                                                                                                                                                                                           
PO098008NR0025,,,LO,CASALETTO LODIGIANO,01/03/2015,528720.7753,5016831.303,71.308,71.898,38.0,1,23,35,INDUSTRIALE,POZZO,GWB ISS MPTLS,IT03GWBISSMPTLS,SI,SONDA AUTOMATICA GUASTA DA MARZO 2020,45.304397700298445,9.36635111723311,,,,,,
PO018176NUP001,,,PV,VIDIGULFO,01/03/2015,518046.1505,5015899.105,88.252,88.252,20.0,n.d.,n.d.,n.d.,POTABILE,PIEZOMETRO,GWB ISS MPTLS,IT03GWBISSMPTLS,,,45.29636220972756,9.230157204614612,,,,,,
PO018014NRP001,,,PV,BEREGUARDO,01/03/2015,501192.2303,5013351.973,96.11,97.18,47.0,1,35,41,POTABILE,POZZO,GWB ISS MPTLS,IT03GWBISSMPTLS,,,45.27366514584397,9.015199418078838,,,,,,
PO018043NUP001,,,PV,CERANOVA,01/03/2015,518426.6123,5011543.4,82.743,82.303,15.0,n.d.,n.d.,n.d.,POTABILE,PIEZOMETRO,GWB ISS MPTLS,IT03GWBISSMPTLS,,,45.25714482809646,9.234847718949936,,,,,,
PO018072NUP001,,,PV,GIUSSAGO,01/03/2015,512563.9021,5011157.222,87.134,87.134,20.0,n.d.,n.d.,n.d.,POTABILE,PIEZOMETRO,GWB ISS MPTLS,IT03GWBISSMPTLS,,,45.25379784998559,9.160117896148137,,,,,,
PO018173NUP001,,,PV,VELLEZZO BELLINI,01/03/2015,507665.8853,5013301.882,92.877,92.357,15.0,n.d.,n.d.,n.d.,POTABILE,PIEZOMETRO,GWB ISS MPTLS,IT03GWBISSMPTLS,,,45.273173451843775,9.097729431902152,,,,,,
PO018048NRP001,,,PV,CHIGNOLO PO,01/03/2015,522279.911,5003718.756,74.871,75.341,13.0,1,10.5,12.5,IRRIGUO,POZZO,GWB ISS MPTLS,IT03GWBISSMPTLS,,,45.18660002764407,9.283607177213703,,,,,,
PO0181100U0111,,,PV,PAVIA,01/05/2014,511138.0,5006846.0,83.4,83.05,17.0,n.d.,n.d.,n.d.,PIEZOMETRO SUPERFICIALE ASSOCIATO A POZZO PROFONDO,PIEZOMETRO,GWB ISS MPTLS,IT03GWBISSMPTLS,,,45.21501429263046,9.141849281797,,,,,,
PO018180NUP001,,,PV,VILLANTERIO,01/03/2015,528164.265,5007156.563,73.02,73.82,73.0,1,56,68,POTABILE,POZZO,GWB ISS MPTLS,IT03GWBISSMPTLS,,,45.217334651375126,9.358703840131836,,,,,,
PO0180130U0005,,12,PV,BELGIOIOSO,01/01/2006,523764.0,5000838.0,74.964,74.964,60.0,1,25,47,POTABILE,POZZO,GWB ISS MPTLS,IT03GWBISSMPTLS,,,45.16062035283044,9.302361053940158,75.8,,via Dante  5,1,PTUA2003,
PO0180480U0004,,,PV,CHIGNOLO PO,01/05/2013,539643.0,5000554.0,58.81,57.66,20.0,2,8,14,POTABILE,POZZO,GWB ISS MPTLS,IT03GWBISSMPTLS,,,45.15735042151925,9.504368543332744,,,,,,
PO0180810U0111,,,PV,LINAROLO,01/05/2014,521130.0,5000547.0,74.97,74.45,20.0,1,10,20,PIEZOMETRO SUPERFICIALE ASSOCIATO A POZZO PROFONDO,PIEZOMETRO,GWB ISS MPTLS,IT03GWBISSMPTLS,,,45.15808470107657,9.268835451884158,,,,,,
