CODICE,CODICE_SIF,PROVINCIA,CODICE_FOG,CODICE_SSG,COMUNE,DATA_INIZIO,DATA_FINE,X,Y,lat,lon,QUOTA_MISU,QUOTA_PC_S,PROFONDITA,FILTRI_N,FILTRI_TOP,FILTRI_BOT,USO,TIPO,BACINO_GWB_2015,BACINO_WISE,SONDA_AUTO,INFO,ORIGINE,z_PTUA2003,z_CAP,z_Idroscalo2005,z_OLONA,z_Milano1950,FALDA
PO0161150U0002,,BG,,,GORLE,,,555750.0,5060383.0,45.69475591340114,9.716056790232223,262.955,262.955,65.0,1,41,65,MONITORAGGIO BONIFICA,PIEZOMETRO,GWB ISS APAO,IT03GWBISSAPAO,,,PTUA2022,,,,,,
PO0160240R0296,,BG,,,BERGAMO,,,552395.0,5057957.0,45.67318331835092,9.672706281527077,232.0,232.0,76.0,2,46,67,MONITORAGGIO BONIFICA,PIEZOMETRO,GWB ISS APAO,IT03GWBISSAPAO,,,PTUA2022,,,,,,
PO016042NU0001,,BG,,,BRUSAPORTO,,,560015.0,5057521.0,45.66864136662524,9.770478256814929,232.0,232.0,75.0,1,39,69,IRRIGUO,POZZO,GWB ISS APAO,IT03GWBISSAPAO,SI,,PTUA2022,,,,,,
PO0160890R0001,,BG,,,CURNO,,,546219.0,5058655.0,45.67990495348686,9.59348279335441,201.044,200.294,40.0,1,25,35,IRRIGUO,POZZO,GWB ISS APAO,IT03GWBISSAPAO,,,PTUA2022,,,,,,
PO0160980R0009,,BG,,,FILAGO,,,541795.0,5054560.0,45.6433289386173,9.536326293449562,202.836,202.836,70.0,1,50,70,MONITORAGGIO DISCARICA,PIEZOMETRO,GWB ISS APAO,IT03GWBISSAPAO,,,PTUA2022,,,,,,
PO016117NU0001,,BG,,,GRASSOBBIO,,,556822.0,5054066.0,45.63781489354737,9.729086042964381,204.898,204.898,60.0,1,21,60,MONITORAGGIO BONIFICA,PIEZOMETRO,GWB ISS APAO,IT03GWBISSAPAO,,,PTUA2022,,,,,,
PO016123NU0001,,BG,,,LALLIO,,,548636.0,5057202.0,45.66666204588214,9.62437142911532,216.8,216.8,60.0,1,55,60,IRRIGUO,POZZO,GWB ISS APAO,IT03GWBISSAPAO,,,PTUA2022,,,,,,
PO0162130R0002,,BG,,,TERNO D'ISOLA,,,541508.0,5059467.0,45.68751154351576,9.533062608171429,230.29,230.29,58.0,1,30,52,MONITORAGGIO BONIFICA,PIEZOMETRO,GWB ISS APAO,IT03GWBISSAPAO,,,PTUA2022,,,,,,
PO0160280R0003,,BG,,,BOLGARE,,,563270.0,5053189.0,45.6293639400367,9.811698759741569,192.624,192.474,22.0,1,10,20,MONITORAGGIO BONIFICA,PIEZOMETRO,GWB ISS APAO,IT03GWBISSAPAO,SI,,PTUA2022,,,,,,
PO0160750U0003,,BG,,,CISERANO,,,548086.0,5048605.0,45.58932388504041,9.61646235136126,159.04,159.04,20.0,1,5,20,MONITORAGGIO,PIEZOMETRO,GWB ISS APAO,IT03GWBISSAPAO,,,PTUA2022,,,,,,
PO0161530R0004,,BG,,,OSIO SOTTO,,,544462.0,5052042.0,45.6204999406813,9.570318481987869,182.635,181.915,50.0,3,24.5,35.2,MONITORAGGIO DISCARICA,PIEZOMETRO,GWB ISS APAO,IT03GWBISSAPAO,SI,,PTUA2022,,,,,,
PO0161570R3380,,BG,,,PALOSCO,,,564666.0,5047586.0,45.578808143100645,9.828863366081787,149.671,149.501,48.0,1,35,44,DOMESTICO,POZZO,GWB ISS APAO,IT03GWBISSAPAO,,,PTUA2022,,,,,,
PO0162120R0001,,BG,,,TELGATE,,,567086.73,5052562.733,45.62336920908224,9.860572400569556,191.0,190.5,72.0,1,48,72,IRRIGUO,POZZO,GWB ISS APAO,IT03GWBISSAPAO,,,PTUA2022,,,,,,
PO0160760R1284,,BG,,,CIVIDATE AL PIANO,,,565653.0,5042196.0,45.530205235508674,9.84078922517723,131.5,131.5,18.0,n.d.,n.d.,n.d.,MONITORAGGIO,PIEZOMETRO,GWB ISS APAO,IT03GWBISSAPAO,,,PTUA2022,,,,,,
PO0161290R0001,,BG,,,LURANO,,,550460.0,5045643.0,45.56249629421228,9.646589076661785,142.426,142.296,30.0,1,25,30,INDUSTRIALE,POZZO,GWB ISS APAO,IT03GWBISSAPAO,,,PTUA2022,,,,,,
PO0161830R0003,,BG,,,ROMANO DI LOMBARDIA,,,559060.0,5041598.0,45.525413290532455,9.7562912502622,124.207,124.207,62.0,1,55,60,POTABILE,POZZO,GWB ISS APAO,IT03GWBISSAPAO,SI,,PTUA2022,,,,,,
PO016219NUP001,,BG,,,TREVIGLIO,,,546053.6207,5041359.158,45.52424482087821,9.589726086333739,127.309,126.559,57.0,2,38,54,POTABILE,POZZO,GWB ISS APAO,IT03GWBISSAPAO,,,PTUA2022,,,,,,
PO0161770U0001,,BG,,,PUMENENGO,,,567748.0,5036468.0,45.47845206713151,9.866824334316709,110.197,110.197,60.0,1,42,54,POTABILE,POZZO,GWB ISS APAO,IT03GWBISSAPAO,SI,DATI SONDA AUTOMATICA NON VALIDI,PTUA2022,,,,,,
PO0170290UB135,,BS,,,BRESCIA,,,591217.0,5041379.0,45.51997436843815,10.16796508151335,119.62,119.62,25.0,1,9,25,MONITORAGGIO BONIFICA,PIEZOMETRO,GWB ISS APOM,IT03GWBISSAPOM,SI,,PTUA2022,,,,,,
PO0170400RC511,,BS,,,CASTEGNATO,,,584404.0,5046117.0,45.56347240999335,10.08156336325926,157.22,157.28,60.0,1,37.5,55.5,INDUSTRIALE,PIEZOMETRO,GWB ISS APOM,IT03GWBISSAPOM,,,PTUA2022,,,,,,
PO0171660UC529,,BS,,,ROVATO,,,579372.0,5046593.0,45.568348487008215,10.017170568792237,176.48,176.48,81.0,1,63,75,INDUSTRIALE,POZZO,GWB ISS APOM,IT03GWBISSAPOM,,,PTUA2022,,,,,,
PO0170290RC490,,BS,,,BRESCIA,,,600963.0,5039596.0,45.50258552564528,10.292357521412079,135.48,135.48,34.0,1,17,34,ANTINCENDIO,POZZO,GWB ISS APOM,IT03GWBISSAPOM,SI,,PTUA2022,,,,,,
PO017029NR0001,,BS,,,BRESCIA,,,591971.0,5038818.0,45.4968282567343,10.177136886937886,107.06,107.06,12.0,1,3,12,INDUSTRIALE,PIEZOMETRO,GWB ISS APOM,IT03GWBISSAPOM,SI,,PTUA2022,,,,,,
PO0170450RC542,,BS,,,CASTREZZATO,,,578796.0,5040213.0,45.510996050172906,10.008762779990322,129.4,129.92,28.0,1,15,24,INDUSTRIALE,POZZO,GWB ISS APOM,IT03GWBISSAPOM,,,PTUA2022,,,,,,
PO0171130RC561,,BS,,,MONTICHIARI,,,605366.0,5033595.0,45.44793298041244,10.347414132436352,118.75,120.0,56.0,1,25,52,INDUSTRIALE,PIEZOMETRO,GWB ISS APOM,IT03GWBISSAPOM,,,PTUA2022,,,,,,
PO017113NRD106,,BS,,,MONTICHIARI,,,605200.0,5032183.0,45.43525177295833,10.344989929636169,111.68,111.28,41.8,1,29.8,41.8,INDUSTRIALE,POZZO,GWB ISS APOM,IT03GWBISSAPOM,,,PTUA2022,,,,,,
PO0171140UC023,,BS,,,MONTIRONE,,,596315.0,5033160.0,45.44532494195361,10.231613454857763,98.78,100.61,55.5,1,22.25,31.25,POTABILE,POZZO,GWB ISS APOM,IT03GWBISSAPOM,,,PTUA2022,,,,,,
PO0200170R0001,,MN,,,CASTIGLIONE DELLE STIVIERE,,,615368.0,5028467.0,45.400209677663476,10.474076708501368,105.253,105.253,28.0,1,18,28,NON DEFINITO,PIEZOMETRO,GWB ISS APOM,IT03GWBISSAPOM,,,PTUA2022,,,,,,
PO0170340RC481,,BS,,,CALVISANO,,,603498.0,5027951.0,45.397422703675936,10.322346307470406,85.95,85.8,10.0,1,4,10,INDUSTRIALE,PIEZOMETRO,GWB ISS APOM,IT03GWBISSAPOM,SI,,PTUA2022,,,,,,
PO020017NU0005,,MN,,,CASTIGLIONE DELLE STIVIERE,,,618058.0846,5027962.536,45.395221731660236,10.50831573946654,112.83,112.69,60.0,1,48,58,NON DEFINITO,PIEZOMETRO,GWB ISS APOM,IT03GWBISSAPOM,SI,,PTUA2022,,,,,,
PO0170340RC483,,BS,,,CALVISANO,,,604569.0,5024858.0,45.369429978262616,10.33537071371352,75.97,75.64,12.0,1,6,12,INDUSTRIALE,PIEZOMETRO,GWB ISS APOM,IT03GWBISSAPOM,SI,,PTUA2022,,,,,,
PO0130230U0003,,CO,,,BINAGO,2001-09-01 00:00:00,2020-12-01,492805.0,5069886.0,45.782496602020025,8.907442131473825,372.084,373.384,30.0,1,20.5,29.5,POTABILE,POZZO,GWB ISS APTA,IT03GWBISSAPTA,,,PTUA2022,,,,,,
PO012002NU0008,,VA,,,ALBIZZATE,2011-09-01 00:00:00,2021-03-01,485002.0,5065315.0,45.741229132208446,8.807205017197962,313.8,315.12,48.5,1,18,28.5,POTABILE,POZZO,GWB ISS APTA,IT03GWBISSAPTA,,Gestore spegne pozzo al massimo per 30',PTUA2022,,,,,,
PO012136NUZ001,,VA,,,VENEGONO INFERIORE,2005-08-01 00:00:00,2020-07-01,493230.0,5064390.0,45.73303295747794,8.912986328360603,315.709,316.009,67.0,2,28,55,ALTRO MONITORAGGIO,PIEZOMETRO,GWB ISS APTA,IT03GWBISSAPTA,,,PTUA2022,,,,,,
PO0130280U0009,,CO,,,BREGNANO,2001-09-01 00:00:00,2021-04-01,503950.0,5061917.0,45.71079588069668,9.050748548918438,281.548,283.013,96.0,1,71,86,POTABILE,POZZO,GWB ISS APTA,IT03GWBISSAPTA,,,PTUA2022,,,,,,
PO013029NU0003,,CO,,,BRENNA,2001-06-01 00:00:00,2020-06-01,514917.0,5064395.0,45.73295023124814,9.191725416485538,340.871,342.371,79.0,1,57,74,POTABILE,POZZO,GWB ISS APTA,IT03GWBISSAPTA,,,PTUA2022,,,,,,
PO0130460U0001,,CO,,,CARIMATE,2007-01-01 00:00:00,2020-12-01,508142.0,5061966.0,45.71120030243424,9.10460700491566,250.348,253.598,61.0,3,41.41,58,POTABILE,POZZO,GWB ISS APTA,IT03GWBISSAPTA,,,PTUA2022,,,,,,
PO013064NU0002,,CO,,,CERMENATE,2001-09-01 00:00:00,2021-04-01,506428.0,5061507.0,45.707086977440646,9.082579772156986,301.932,304.572,110.0,1,98.3,102.3,POTABILE,POZZO,GWB ISS APTA,IT03GWBISSAPTA,,,PTUA2022,,,,,,
PO0131330U0009,,CO,,,LOMAZZO,2007-03-01 00:00:00,2021-04-01,502017.0,5061511.0,45.70714988625931,9.025912194473959,303.805,306.115,153.0,1,88,91,POTABILE,POZZO,GWB ISS APTA,IT03GWBISSAPTA,,,PTUA2022,,,,,,
PO013143NUP001,,CO,,,MARIANO COMENSE,2015-10-01 00:00:00,2020-06-01,513110.453,5061567.053,45.70753319647784,9.168429816929343,284.119,285.209,53.0,1,37,47,POTABILE,POZZO,GWB ISS APTA,IT03GWBISSAPTA,,,PTUA2022,,,,,,
PO0970200U0002,,LC,,,CERNUSCO LOMBARDONE,2006-02-01 00:00:00,2021-03-01,531019.0,5060365.0,45.696143185279375,9.398419833931262,254.711,256.57,40.0,1,22,36,POTABILE,POZZO,GWB ISS APTA,IT03GWBISSAPTA,,,PTUA2022,,,,,,
PO0970480U0001,,LC,,,MERATE,2001-08-01 00:00:00,2021-03-01,530989.0,5061279.0,45.70437107786069,9.398092889491815,264.704,266.704,49.8,1,35,44,POTABILE,POZZO,GWB ISS APTA,IT03GWBISSAPTA,,,PTUA2022,,,,,,
PO0120500RZ001,,VA,,,CISLAGO,2005-12-01 00:00:00,2021-04-01,495380.0,5054832.0,45.6470207268182,8.940710862731478,207.042,207.752,15.0,n.d.,n.d.,n.d.,ALTRO MONITORAGGIO,PIEZOMETRO,GWB ISS APTA,IT03GWBISSAPTA,,,PTUA2022,,,,,,
PO012070NU1007,,VA,,,GALLARATE,2004-01-01 00:00:00,2021-04-01,482391.0,5056403.0,45.66095290747508,8.773965068909195,252.806,254.856,65.0,4,32,55,POTABILE,POZZO,GWB ISS APTA,IT03GWBISSAPTA,,Gestore spegne pozzo al massimo per 30',PTUA2022,,,,,,
PO0120790RZ001,,VA,,,GORLA MINORE,2005-12-01 00:00:00,2021-03-01,494757.0,5054445.0,45.64353294976908,8.932719987563429,241.321,241.521,50.0,n.d.,n.d.,n.d.,ALTRO MONITORAGGIO,PIEZOMETRO,GWB ISS APTA,IT03GWBISSAPTA,,,PTUA2022,,,,,,
PO012123NUP001,,VA,,,SOMMA LOMBARDO,2015-01-01 00:00:00,2021-03-01,477395.4323,5053944.915,45.638683351707684,8.709955269550052,228.186,231.736,100.0,1,58,88,POTABILE,POZZO,GWB ISS APTA,IT03GWBISSAPTA,,Gestore spegne pozzo al massimo per 30',PTUA2022,,,,,,
PO0131310U0001,,CO,,,LOCATE VARESINO,2012-03-01 00:00:00,2021-03-01,494595.0,5059657.0,45.690444213933006,8.930583187476616,272.942,273.982,58.0,1,50,54,POTABILE,POZZO,GWB ISS APTA,IT03GWBISSAPTA,,,PTUA2022,,,,,,
PO0131590U0001,,CO,,,MOZZATE,2009-02-01 00:00:00,2021-03-01,495957.0,5058515.0,45.680174545192166,8.9480849539333,260.0,261.965,102.5,2,40,98,POTABILE,POZZO,GWB ISS APTA,IT03GWBISSAPTA,,,PTUA2022,,,,,,
PO0970200U0003,,LC,,,CERNUSCO LOMBARDONE,2001-08-01 00:00:00,2021-03-01,530490.0,5059489.0,45.688282134011416,9.391570292009897,246.905,248.915,50.0,1,37,43,POTABILE,POZZO,GWB ISS APTA,IT03GWBISSAPTA,,,PTUA2022,,,,,,
PO0970610U0015,,LC,,,OSNAGO,2006-01-01 00:00:00,2021-03-01,529860.0,5057943.0,45.674394577407774,9.383384599241467,238.515,238.095,46.6,2,21.4,47,POTABILE,POZZO,GWB ISS APTA,IT03GWBISSAPTA,,,PTUA2022,,,,,,
PO1080390U0026,,MB,,,SEREGNO,2015-04-01 00:00:00,2021-03-01,516742.2773,5056424.618,45.66116895719162,9.214910218116112,230.749,233.749,96.0,3,68,88,POTABILE,POZZO,GWB ISS APTA,IT03GWBISSAPTA,,,PTUA2022,,,,,,
PO012026NU3021,,VA,,,BUSTO ARSIZIO,2001-05-01 00:00:00,2021-03-01,486383.0,5048270.0,45.5878385047091,8.825434770924014,201.672,204.682,102.0,2,42,95,INDUSTRIALE,POZZO ATTREZZATO CON PIEZOMETRO,GWB ISS APTA,IT03GWBISSAPTA,,Gestore spegne pozzo al massimo per 30'-via Marco Polo,PTUA2022-OLONA,,,,210.5,,SUPERF.
PO0120750R2020,,VA,,,GERENZANO,2001-01-01 00:00:00,2021-04-01,498243.0,5052530.0,45.62631377148765,8.977460464647569,220.926,220.626,62.0,1,33.5,59,INDUSTRIALE,POZZO,GWB ISS APTA,IT03GWBISSAPTA,,,PTUA2022,,,,,,
PO012090NU2009,,VA,,,LONATE POZZOLO,2001-02-01 00:00:00,2021-04-01,477623.0,5050127.0,45.60432632285084,8.713050565367158,208.446,207.946,82.6,1,55,74,POTABILE,POZZO,GWB ISS APTA,IT03GWBISSAPTA,,Gestore spegne pozzo al massimo per 30',PTUA2022,,,,,,
PO0121180U0005,,VA,,,SAMARATE,2001-08-01 00:00:00,2021-03-01,481042.0,5052887.0,45.62927043532758,8.756785997346258,223.767,226.067,80.0,2,50,72,POTABILE,POZZO,GWB ISS APTA,IT03GWBISSAPTA,,Gestore spegne pozzo al massimo per 30',PTUA2022,,,,,,
PO0121300RZ001,,VA,,,UBOLDO,2005-11-01 00:00:00,2021-04-01,497814.0,5049212.0,45.596447373390106,8.971971952273773,203.65,204.2,45.0,n.d.,n.d.,n.d.,ALTRO MONITORAGGIO,PIEZOMETRO,GWB ISS APTA,IT03GWBISSAPTA,,,PTUA2022,,,,,,
PO0151810U0001,0151810001,MI,,,RESCALDINA,1996-01-01 00:00:00,2018-12-01,496110.0,5051398.0,45.61611603135312,8.950106488910535,222.44,222.54,81.7,2,51.7,73.7,POTABILE,POZZO,GWB ISS APTA,IT03GWBISSAPTA,,"via Melzi-Comune I-via Melzi Comune, 1",PTUA2022-PTUA2003-OLONA,180.25,,,180.25,,1.0
PO015219NU0009,,MI,,,TREZZANO ROSA,2015-05-01 00:00:00,2018-12-01,537519.0517,5047771.168,45.58246952641665,9.480935506816804,168.999,170.379,45.0,1,34,40.5,POTABILE,PIEZOMETRO,GWB ISS APTA,IT03GWBISSAPTA,,"fino al 2018 misure manuali; successiva transizione a misure con sonde automatiche, i cui dati non sono stati inseriti in quanto non validi",PTUA2022,,,,,,
PO0152210U0001,0152210001,MI,,,TREZZO SULL'ADDA,1996-01-01 00:00:00,2019-04-01,540511.0,5051067.0,45.6119661346521,9.519559768178949,150.393,150.393,32.98,1,17,32,POTABILE,POZZO,GWB ISS APTA,IT03GWBISSAPTA,,"fino al 2018 misure manuali; successiva transizione a misure con sonde automatiche, i cui dati non sono stati inseriti in quanto non validi-via Visconti",PTUA2022-PTUA2003,141.68,,,,,1.0
PO108023NU0003,0151000003,MB,,,DESIO,1996-01-01 00:00:00,2021-03-01,516261.0,5051920.0,45.62063500742705,9.208581900085925,199.167,199.167,78.0,3,42,65,POTABILE,POZZO,GWB ISS APTA,IT03GWBISSAPTA,,via Torricelli,PTUA2022-PTUA2003,146.19,,,,,1.0
PO1080310U0001,0151390001,MB,,,MEZZAGO,1996-01-01 00:00:00,2021-03-01,534712.0,5052931.0,45.629057420293165,9.445321958810915,220.664,220.664,75.2,1,54,74.65,POTABILE,POZZO,GWB ISS APTA,IT03GWBISSAPTA,,via Unione,PTUA2022-PTUA2003,177.99,,,,,2.0
PO108033NR0142,1080330142,MB,,,MONZA,2016-02-01 00:00:00,2021-04-01,522621.0,5051383.0,45.615623483482466,9.290136587843273,178.79,178.79,42.0,1,10.5,31.5,IRRIGUO,POZZO,GWB ISS APTA,IT03GWBISSAPTA,,,PTUA2022,,,,,,
PO1080350U0024,,MB,,,NOVA MILANESE,2000-01-01 00:00:00,2021-03-01,514972.0,5048824.0,45.592797162451646,9.191952763436623,174.02,176.6,85.0,2,50,79,POTABILE,POZZO,GWB ISS APTA,IT03GWBISSAPTA,,,PTUA2022,,,,,,
PO1080210U0002,1080210002,MB,,,CONCOREZZO,2006-03-01 00:00:00,2020-12-01,525376.0,5047357.0,45.57929091184946,9.325262200691903,162.45,162.45,56.0,1,32,47,POTABILE,POZZO,GWB ISS APTA,IT03GWBISSAPTA,,,PTUA2022,,,,,,
PO0152060U0004,0152060004,MI,,,SENAGO,1999-01-01 00:00:00,2018-12-01,510294.0,5047238.0,45.57860664614248,9.1319438897114,169.78,169.78,104.0,2,41.29,64.11,POTABILE,POZZO,GWB ISS APTA,IT03GWBISSAPTA,,"fino al 2018 misure manuali; successiva transizione a misure con sonde automatiche, i cui dati non sono stati inseriti in quanto non validi-v. Adda",PTUA2022-PTUA2003,169.78,,,,,2.0
PO015041NR0075,,MI,,,BUSTO GAROLFO,2014-05-01 00:00:00,2021-02-01,491337.0,5042014.0,45.531607490202425,8.889054061307203,171.64,172.01,30.0,1,15,30,MONITORAGGIO,PIEZOMETRO,GWB ISS APTA,IT03GWBISSAPTA,SI,,PTUA2022,,,,,,
PO015051NR0012,0150510012,MI,,,CARUGATE,2016-02-01 00:00:00,2021-01-01,526092.0,5045211.0,45.55994854161797,9.334324909887304,153.0,153.0,40.0,2,22,37,INDUSTRIALE,POZZO,GWB ISS APTA,IT03GWBISSAPTA,SI,,PTUA2022,,,,,,
PO015060NU0070,0150600070,MI,,,CASSINA DE' PECCHI,2014-05-01 00:00:00,2021-04-01,528555.0,5041375.0,45.525324428280804,9.3656595767229,134.13,134.13,43.0,n.d.,n.d.,n.d.,MONITORAGGIO,PIEZOMETRO,GWB ISS APTA,IT03GWBISSAPTA,,,PTUA2022,,,,,,
PO015062NR0071,,MI,,,CASTANO PRIMO,2014-05-01 00:00:00,2021-04-01,479252.0,5043806.0,45.54748207756073,8.73420820654395,170.69,170.64,35.0,1,20,35,MONITORAGGIO,PIEZOMETRO,GWB ISS APTA,IT03GWBISSAPTA,,,PTUA2022,,,,,,
PO0151080U0002,0151080002,MI,,,GORGONZOLA,1996-01-01 00:00:00,2018-06-01,532049.0,5042247.0,45.53302119623268,9.410457803668589,134.37,134.37,90.0,1,33.05,46.6,POTABILE,POZZO,GWB ISS APTA,IT03GWBISSAPTA,,"fino al 2018 misure manuali; successiva transizione a misure con sonde automatiche, i cui dati non sono stati inseriti in quanto non validi-v. Manzoni",PTUA2022-PTUA2003,121.42,,,,,
PO015194NU0017,,MI,,,SAN GIORGIO SU LEGNANO,2014-05-01 00:00:00,2021-04-01,492931.0,5045894.0,45.56654955411028,8.90941210511973,191.6,191.65,50.0,1,28,50,MONITORAGGIO,PIEZOMETRO,GWB ISS APTA,IT03GWBISSAPTA,,,PTUA2022,,,,,,
PO0152490U0002,0152490004,MI,,,VANZAGHELLO,1999-01-01 00:00:00,2018-12-01,482332.0,5046719.0,45.57378689030802,8.773558840213552,191.913,191.913,60.0,1,54,58,ALTRO MONITORAGGIO,PIEZOMETRO,GWB ISS APTA,IT03GWBISSAPTA,,"fino al 2018 misure manuali; successiva transizione a misure con sonde automatiche, i cui dati non sono stati inseriti in quanto non validi-C.La Fogna",PTUA2022-PTUA2003,191.5,,,,,
PO108033NU0243,,MB,,,MONZA,2014-03-01 00:00:00,2021-01-01,520727.0,5045937.0,45.566663724453065,9.265613128977531,163.584,163.584,50.0,1,22.5,49.5,MONITORAGGIO,PIEZOMETRO,GWB ISS APTA,IT03GWBISSAPTA,SI,,PTUA2022,,,,,,
PO1080520U0016,,MB,,,CAPONAGO,2016-02-01 00:00:00,2021-03-01,528637.8837,5045729.304,45.56451359285678,9.366975836497913,155.237,157.507,42.0,1,40.5,42,POTABILE,PIEZOMETRO,GWB ISS APTA,IT03GWBISSAPTA,,,PTUA2022,,,,,,
PO015019NR0001,0150190001,MI,,,BERNATE TICINO,1996-01-01 00:00:00,2020-12-01,486506.0,5037842.0,45.493978163383666,8.827299185110007,151.01,151.13,63.5,1,40,54.25,ALTRO MONITORAGGIO,POZZO,GWB ISS APTA,IT03GWBISSAPTA,,v.Pellico-Casate,PTUA2022-PTUA2003,139.53,,,,,1.0
PO015113NUP001,,MI,,,INVERUNO,2016-02-01 00:00:00,2021-04-01,489297.5977,5039466.985,45.508653256856476,8.862991416958833,158.606,158.826,25.0,1,9,25,ALTRO MONITORAGGIO,PIEZOMETRO,GWB ISS APTA,IT03GWBISSAPTA,,,PTUA2022,,,,,,
PO015146NU1313,0151461313,MI,FOG43,,MILANO,1952-04-01 00:00:00,2020-12-01,519751.0,5037935.0,45.49466612435916,9.25278311987484,118.845,118.845,19.0,n.d.,n.d.,n.d.,ALTRO MONITORAGGIO,PIEZOMETRO,GWB ISS APTA,IT03GWBISSAPTA,,PARCO LAMBRO V.LE VAN GOGH 10 (MAGAZZINO PIANTAGIONI),PTUA2022-Idroscalo2005-FOG,,,119.3,,119.3,
PO015146NU1534,0151461534,MI,FOG4,,MILANO,1959-01-01 00:00:00,2020-12-01,510123.0,5040197.0,45.51523284574417,9.129606368874434,138.95,138.83,24.0,n.d.,n.d.,n.d.,ALTRO MONITORAGGIO,PIEZOMETRO,GWB ISS APTA,IT03GWBISSAPTA,,VIA CARBONIA - MARCIAPIEDE DI FRONTE AL N. 5,PTUA2022-FOG,,,,,138.8,
PO015146NU1536,0151461536,MI,FOG28,,MILANO,1952-01-01 00:00:00,2020-07-01,511864.0,5036686.0,45.48360250118908,9.151811643170053,125.2,125.2,19.0,n.d.,n.d.,n.d.,ALTRO MONITORAGGIO,PIEZOMETRO,GWB ISS APTA,IT03GWBISSAPTA,,VIA GATTAMELATA 35,PTUA2022-FOG,,,,,125.5,
PO015146NU1557,0151461557,MI,FOG8,,MILANO,1950-07-01 00:00:00,2020-07-01,514394.0,5036838.0,45.48492305802869,9.184189806521267,123.76,123.7,30.0,n.d.,n.d.,n.d.,ALTRO MONITORAGGIO,POZZO,GWB ISS APTA,IT03GWBISSAPTA,,SCUOLA VIA D'AZEGLIO,PTUA2022-Idroscalo2005-FOG,,,123.52,,124.19,
PO015243NUP001,,MI,,,VITTUONE,2016-02-01 00:00:00,2018-12-01,496210.5145,5037318.334,45.48938482411444,8.95150481522566,147.213,146.463,50.0,1,30,50,POTABILE,PIEZOMETRO,GWB ISS APTA,IT03GWBISSAPTA,,"fino al 2018 misure manuali; successiva transizione a misure con sonde automatiche, i cui dati non sono stati inseriti in quanto non validi",PTUA2022,,,,,,
PO015146NU1120,0151461120,MI,FOG40,,MILANO,1952-01-01 00:00:00,2019-12-01,513604.0,5033914.0,45.45861958137727,9.173999779020887,117.37,117.37,17.0,n.d.,n.d.,n.d.,ALTRO MONITORAGGIO,PIEZOMETRO,GWB ISS APTA,IT03GWBISSAPTA,,SCUOLA DI VIA ARIBERTO 12-14,PTUA2022-FOG,,,,,117.74,
PO015146NU1353,0151462122,MI,FOG50,,MILANO,1954-01-01 00:00:00,2020-12-01,519795.0,5033780.0,45.4572653659559,9.253178716873853,108.811,108.811,16.0,n.d.,n.d.,n.d.,ALTRO MONITORAGGIO,PIEZOMETRO,GWB ISS APTA,IT03GWBISSAPTA,,SCUOLA VIA MONLUE' 65 (FOG),PTUA2022-Idroscalo2005-FOG,,,108.66,,109.14,
PO018162NUP001,,PV,,,TRAVACO' SICCOMARIO,,,512843.2754,4999704.742,45.15070249999365,9.163382961209646,61.197,60.482,14.0,n.d.,n.d.,n.d.,POTABILE,PIEZOMETRO,GWB ISS BPPO,IT03GWBISSBPPO,,,PTUA2022,,,,,,
PO019071NRA001,,CR,,,PIADENA,,,611002.0,4998742.0,45.1334279212755,10.411662098856352,26.5,26.14,10.0,1,1,10,IRRIGUO,PIEZOMETRO,GWB ISS BPPO,IT03GWBISSBPPO,,,PTUA2022,,,,,,
PO0181140U0002,,PV,,,PIEVE PORTO MORONE,,,534746.0,4995245.0,45.109819882165645,9.441698102871495,55.383,55.383,24.0,1,12,18,POTABILE,POZZO,GWB ISS BPPO,IT03GWBISSBPPO,,,PTUA2022,,,,,,
PO019040NRA001,,CR,,,DEROVERE,,,597838.0,4994940.0,45.101157838483665,10.243548312524647,32.95,32.7,10.0,1,2,10,IRRIGUO,PIEZOMETRO,GWB ISS BPPO,IT03GWBISSBPPO,,,PTUA2022,,,,,,
PO019089NUA001,,CR,,,SAN DANIELE PO,,,590532.0,4991152.0,45.06803923548214,10.150022224552085,33.6,33.6,25.0,1,13,25,DIDATTICO/SCIENTIFICO,POZZO,GWB ISS BPPO,IT03GWBISSBPPO,,,PTUA2022,,,,,,
PO019091NRA001,,CR,,,SAN MARTINO DEL LAGO,,,602954.0,4991122.0,45.0660714888026,10.307773243510464,29.18,28.83,12.0,1,2,12,IRRIGUO,PIEZOMETRO,GWB ISS BPPO,IT03GWBISSBPPO,,,PTUA2022,,,,,,
PO0200030R0002,,MN,,,BAGNOLO SAN VITO,,,645227.0,4994417.0,45.08830784105811,10.845462043610377,17.258,17.258,52.3,n.d.,n.d.,n.d.,IGIENICO,POZZO,GWB ISS BPPO,IT03GWBISSBPPO,SI,,PTUA2022,,,,,,
PO020021NRP001,,MN,,,CURTATONE,,,633518.3157,4994872.379,45.09471228206729,10.696864359763076,20.444,21.694,40.0,1,34,40,IRRIGUO,POZZO,GWB ISS BPPO,IT03GWBISSBPPO,,,PTUA2022,,,,,,
PO0200310R0062,,MN,,,MARCARIA,,,627739.0,4991877.0,45.06882684511838,10.622682759038806,21.824,21.824,8.0,n.d.,n.d.,n.d.,IRRIGUO,POZZO,GWB ISS BPPO,IT03GWBISSBPPO,,,PTUA2022,,,,,,
PO0980110U0001,0980110001,LO,,,CASELLE LANDI,,,562209.7293,4994623.069,45.10233820273572,9.790719260117049,45.233,45.493,62.3,2,32.5,61,POTABILE,POZZO,GWB ISS BPPO,IT03GWBISSBPPO,,via Roma I-via Roma I                                                                                                                                                                                                                                                    ,PTUA2022-PTUA2003-CAP,45.34,45.58,,,,
PO098049NR0141,,LO,,,SAN ROCCO AL PORTO,,,550976.491,4994237.896,45.099770461788594,9.647909677464375,49.723,49.747,12.0,1,5.2,12,MONITORAGGIO,PIEZOMETRO,GWB ISS BPPO,IT03GWBISSBPPO,,,PTUA2022,,,,,,
PO0180470U0001,,PV,,,CERVESINA,,,501288.0,4989873.0,45.06231522541533,9.016359748355205,71.908,71.718,81.0,2,42,77,POTABILE,POZZO,GWB ISS BPPO,IT03GWBISSBPPO,,,PTUA2022,,,,,,
PO019103NRA001,,CR,,,STAGNO LOMBARDO,,,583736.0,4989691.0,45.055726461567986,10.063464746968014,34.83,34.46,12.0,1,1,12,IRRIGUO,PIEZOMETRO,GWB ISS BPPO,IT03GWBISSBPPO,,,PTUA2022,,,,,,
PO019083NRA001,,CR,,,RIVAROLO DEL RE ED UNITI,,,616502.0,4988727.0,45.04241928906904,10.479256731705936,21.39,22.0,20.0,1,10,20,ANTINCENDIO,POZZO,GWB ISS BPPO,IT03GWBISSBPPO,si,,PTUA2022,,,,,,
PO0200290R0002,,MN,,,MAGNACAVALLO,,,668106.0,4985295.0,45.00118347909417,11.132954044496937,13.0,13.0,15.0,1,13,15,NON DEFINITO,PIEZOMETRO,GWB ISS BPPO,IT03GWBISSBPPO,,,PTUA2022,,,,,,
PO0200370R0002,,MN,,,MOTTEGGIANA,,,634438.0,4988250.0,45.03495107792761,10.706772770606797,18.0,18.0,13.0,1,10,13,NON DEFINITO,PIEZOMETRO,GWB ISS BPPO,IT03GWBISSBPPO,SI,,PTUA2022,,,,,,
PO0200400R0001,,MN,,,PIEVE DI CORIANO,,,664174.0,4988419.0,45.0302074611767,11.084117240866766,11.817,11.817,51.0,n.d.,n.d.,n.d.,NON DEFINITO,PIEZOMETRO,GWB ISS BPPO,IT03GWBISSBPPO,SI,HA PRESO NOME BORGO MANTOVANO,PTUA2022,,,,,,
PO020061NR0001,,MN,,,SERMIDE,,,677797.0,4988196.0,45.024915763882355,11.256847205630267,10.65,10.65,10.0,1,9,10,NON DEFINITO,PIEZOMETRO,GWB ISS BPPO,IT03GWBISSBPPO,,,PTUA2022,,,,,,
PO020061NUP001,,MN,,,SERMIDE,,,680924.0,4986614.0,45.0098951737787,11.295938792157248,11.66,11.66,50.0,1,28,50,MONITORAGGIO,PIEZOMETRO,GWB ISS BPPO,IT03GWBISSBPPO,SI,,PTUA2022,,,,,,
PO0200650R0002,,MN,,,SUZZARA,,,636024.0,4984904.0,45.004541789562474,10.725993878148152,19.42,19.42,10.0,1,9,10,NON DEFINITO,PIEZOMETRO,GWB ISS BPPO,IT03GWBISSBPPO,,,PTUA2022,,,,,,
PO020023NUP001,,MN,,,FELONICA,,,685844.0,4983484.0,44.98047116226375,11.357166684684444,8.7,8.7,50.0,1,14,50,MONITORAGGIO,PIEZOMETRO,GWB ISS BPPO,IT03GWBISSBPPO,SI,,PTUA2022,,,,,,
PO0200270R0053,,MN,,,GONZAGA,,,646253.0,4978449.0,44.94442964915025,10.853850097561594,17.841,17.841,19.0,n.d.,n.d.,n.d.,NON DEFINITO,POZZO,GWB ISS BPPO,IT03GWBISSBPPO,,,PTUA2022,,,,,,
PO0200420R0001,,MN,,,POGGIO RUSCO,,,668975.0,4982250.0,44.97358535288924,11.142951018967747,10.859,10.859,6.0,n.d.,n.d.,n.d.,IRRIGUO,POZZO,GWB ISS BPPO,IT03GWBISSBPPO,,,PTUA2022,,,,,,
PO0161220R0519,,BG,,,ISSO,,,556753.0,5036727.0,45.4817640796279,9.726187569574718,104.8,104.8,35.0,n.d.,n.d.,n.d.,ZOOTECNICO,POZZO,GWB ISS MPAO,IT03GWBISSMPAO,,,PTUA2022,,,,,,
PO019084NRA002,,CR,,,RIVOLTA D'ADDA,,,540419.0,5033590.0,45.45466599883357,9.516936697318776,96.18,95.96,10.5,1,1,10,NON DEFINITO,PIEZOMETRO,GWB ISS MPAO,IT03GWBISSMPAO,SI,,PTUA2022,,,,,,
PO019094NU0944,,CR,,,SERGNANO,,,554722.0,5030569.0,45.42650103351132,9.699516143665797,91.1,90.54,46.0,1,37,42,POTABILE,POZZO,GWB ISS MPAO,IT03GWBISSMPAO,,,PTUA2022,,,,,,
PO019035NRA001,,CR,,,CREMA,,,552645.0,5022933.0,45.35793130928601,9.672152326054473,77.81,77.81,10.0,1,1,10,NON DEFINITO,PIEZOMETRO,GWB ISS MPAO,IT03GWBISSMPAO,SI,,PTUA2022,,,,,,
PO098003NR0063,,LO,,,BOFFALORA D'ADDA,,,537578.0,5023179.0,45.361115608766575,9.479809172042586,72.433,72.403,9.0,1,3,9,PIEZOMETRO,POZZO,GWB ISS MPAO,IT03GWBISSMPAO,,,PTUA2022,,,,,,
PO019047NRA001,,CR,,,GENIVOLTA,,,568902.0,5021693.0,45.345360962272075,9.879521247463696,60.78,60.33,18.0,1,1,15,IRRIGUO,PIEZOMETRO,GWB ISS MPAO,IT03GWBISSMPAO,,,PTUA2022,,,,,,
PO098025NR0110,,LO,,,CRESPIATICA,,,542967.5282,5021710.343,45.34758649735981,9.548493881567715,72.827,72.563,10.0,1,1,10,MONITORAGGIO,PIEZOMETRO,GWB ISS MPAO,IT03GWBISSMPAO,,,PTUA2022,,,,,,
PO019027NRA001,,CR,,,CASTELVISCONTI,,,574398.0,5015772.0,45.29150912880558,9.948777503009474,65.2,64.48,18.0,1,2,18,IRRIGUO,PIEZOMETRO,GWB ISS MPAO,IT03GWBISSMPAO,,,PTUA2022,,,,,,
PO019110NRA001,,CR,,,TRIGOLO,,,564922.0,5019504.0,45.32603886502408,9.828435448255211,70.82,70.16,23.0,1,2,18,IRRIGUO,PIEZOMETRO,GWB ISS MPAO,IT03GWBISSMPAO,,,PTUA2022,,,,,,
PO098024NR0087,,LO,,,CORTE PALASIO,,,543946.5236,5018367.411,45.317436175178166,9.560693475236285,66.918,66.918,10.0,1,3,10,MONITORAGGIO,PIEZOMETRO,GWB ISS MPAO,IT03GWBISSMPAO,,,PTUA2022,,,,,,
PO019065NRA001,,CR,,,PADERNO PONCHIELLI,,,574438.0,5010588.0,45.24484751085924,9.94851008599298,58.87,58.21,24.0,1,4,15,IRRIGUO,PIEZOMETRO,GWB ISS MPAO,IT03GWBISSMPAO,,,PTUA2022,,,,,,
PO019088NRP001,,CR,,,SAN BASSANO,,,563717.978,5010319.591,45.24348434977906,9.811893041142692,50.943,51.343,31.0,1,22,28,IRRIGUO,POZZO,GWB ISS MPAO,IT03GWBISSMPAO,,,PTUA2022,,,,,,
PO019033NRA001,,CR,,,CORTE DE' FRATI,,,586564.0,5006546.0,45.2070823263645,10.102292940978481,48.01,47.83,15.0,1,1.5,15,IRRIGUO,PIEZOMETRO,GWB ISS MPAO,IT03GWBISSMPAO,,,PTUA2022,,,,,,
PO019051NRA001,,CR,,,GRUMELLO CREMONESE ED UNITI,,,568876.0,5004743.0,45.19280601645415,9.876837178729593,46.42,46.42,13.0,n.d.,n.d.,n.d.,IRRIGUO,PIEZOMETRO,GWB ISS MPAO,IT03GWBISSMPAO,,,PTUA2022,,,,,,
PO019070NRA001,,CR,,,PESSINA CREMONESE,,,599778.0,5003151.0,45.174781587700934,10.269839592044143,39.44,39.3,12.0,1,1,12,IRRIGUO,PIEZOMETRO,GWB ISS MPAO,IT03GWBISSMPAO,,,PTUA2022,,,,,,
PO019077NRA001,,CR,,,POZZAGLIO ED UNITI,,,579839.0,5008345.0,45.22406797137635,10.016960485589731,53.81,53.07,18.0,1,4,17,IRRIGUO,PIEZOMETRO,GWB ISS MPAO,IT03GWBISSMPAO,,,PTUA2022,,,,,,
PO019036NUA001,,CR,,,CREMONA,,,582978.0,4998541.0,45.135467890795425,10.055305832195607,42.99,43.3,20.0,1,2,15,NON DEFINITO,PIEZOMETRO,GWB ISS MPAO,IT03GWBISSMPAO,,,PTUA2022,,,,,,
PO0200530R0089,,MN,,,ROVERBELLA,,,641706.0,5013584.0,45.26147096744739,10.806186559933897,35.415,35.415,30.0,n.d.,n.d.,n.d.,ANTINCENDIO,POZZO,GWB ISS MPBM,IT03GWBISSMPBM,,,PTUA2022,,,,,,
PO020004NR0001,,MN,,,BIGARELLO,,,649416.0,5004823.0,45.18105569708118,10.901774819557554,26.3,26.3,15.0,1,5,15,NON DEFINITO,PIEZOMETRO,GWB ISS MPBM,IT03GWBISSMPBM,SI,,PTUA2022,,,,,,
PO0200330R0002,,MN,,,MARMIROLO,,,639065.0,5008516.0,45.2164002575539,10.771123039355885,31.883,31.883,38.0,n.d.,n.d.,n.d.,NON DEFINITO,POZZO,GWB ISS MPBM,IT03GWBISSMPBM,,,PTUA2022,,,,,,
PO0200570U0002,,MN,,,SAN GIORGIO DI MANTOVA,,,645831.0,5002540.0,45.16126627729201,10.855501769571932,23.443,23.443,10.5,1,3,9,NON DEFINITO,POZZO,GWB ISS MPBM,IT03GWBISSMPBM,SI,,PTUA2022,,,,,,
PO0980200U0003,0980200003,LO,,,COMAZZO,,,536223.0,5032262.0,45.44294302626333,9.46317619789206,99.238,98.783,41.0,1,29,41,POTABILE,POZZO,GWB ISS MPLAN,IT03GWBISSMPLAN,,Serbatoio                                                                                                                                                                                                                                                     ,PTUA2022-CAP,,94.19,,,,
PO0152100U0004,0152100004,MI,,,SETTALA,,,530914.0,5030976.0,45.43162280811389,9.395212037017748,97.739,97.739,43.0,4,14,39,INDUSTRIALE,POZZO,GWB ISS MPLAN,IT03GWBISSMPLAN,,depuratore-depuratore                                                                                                                                                                                                                                                    ,PTUA2022-PTUA2003-CAP,98.6,98.42,,,,1.0
PO0980180U0001,0980180001,LO,,,CERVIGNANO D'ADDA,,,533273.0,5024618.0,45.374285863800075,9.424940002975596,86.922,87.162,55.0,1,41.5,50.5,POTABILE,POZZO,GWB ISS MPLAN,IT03GWBISSMPLAN,,p.za Caduti-Piazza Caduti                                                                                                                                                                                                                                                 ,PTUA2022-PTUA2003-CAP,81.68,87.97,,,,1.0
PO098031NR0333,,LO,,,LODI,,,536089.1193,5018845.124,45.3221842550331,9.460482905770602,81.233,80.783,75.0,1,40,52,POTABILE,POZZO,GWB ISS MPLAS,IT03GWBISSMPLAS,,,PTUA2022,,,,,,
PO0980320U0002,0980320002,LO,,,LODI VECCHIO,,,532553.0,5016525.0,45.301473353949085,9.415212155419807,80.442,80.892,66.5,3,31,61,POTABILE,POZZO,GWB ISS MPLAS,IT03GWBISSMPLAS,,via Cabrini-serb.-                                                                                                                                                                                                                                                              ,PTUA2022-PTUA2003-CAP,74.23,80.38,,,,2.0
PO0152020U0025,,MI,,,SAN ZENONE AL LAMBRO,,,528291.4058,5018882.33,45.32287694625898,9.360991546568494,84.866,84.686,28.0,1,22,28,POTABILE,PIEZOMETRO,GWB ISS MPLAS,IT03GWBISSMPLAS,,"fino al 2018 misure manuali; successiva transizione a misure con sonde automatiche, i cui dati non sono stati inseriti in quanto non validi",PTUA2022,,,,,,
PO0980600U0001,,LO,,,VILLANOVA DEL SILLARO,,,536331.0,5010155.0,45.24395036262266,9.462932496915277,72.786,71.715,59.0,1,39,57,POTABILE,POZZO,GWB ISS MPLAS,IT03GWBISSMPLAS,,,PTUA2022,,,,,,
PO098002NR0045,,LO,,,BERTONICO,,,551597.0,5007962.0,45.2232572016619,9.657214573234945,65.153,64.753,12.0,n.d.,n.d.,n.d.,PIEZOMETRO,POZZO,GWB ISS MPLAS,IT03GWBISSMPLAS,,,PTUA2022,,,,,,
PO0980100U0007,0980100003,LO,,,CASALPUSTERLENGO,,,550723.7257,5003634.624,45.18436981726423,9.645651238844446,61.881,63.661,39.0,1,23.25,35.3,POTABILE,POZZO,GWB ISS MPLAS,IT03GWBISSMPLAS,,via Cadorna-via Cadorna                                                                                                                                                                                                                                                   ,PTUA2022-PTUA2003-CAP,54.95,60.05,,,,
PO098052NR0037,,LO,,,SECUGNAGO,,,545716.0,5007808.0,45.22227750785116,9.582295569855829,67.381,67.437,10.0,1,2,10,MONITORAGGIO BONIFICA,PIEZOMETRO,GWB ISS MPLAS,IT03GWBISSMPLAS,,,PTUA2022,,,,,,
PO098026NR0074,,LO,,,FOMBIO,,,553822.0,4999541.0,45.14729327686887,9.68464421724992,58.095,57.91,30.0,1,10,30,NON DEFINITO,PIEZOMETRO,GWB ISS MPLAS,IT03GWBISSMPLAS,,,PTUA2022,,,,,,
PO0980510U0001,,LO,,,SANTO STEFANO LODIGIANO,,,558473.9317,4998227.47,45.13510021802266,9.743660718422301,51.843,51.013,56.6,1,30.75,53,POTABILE,POZZO,GWB ISS MPLAS,IT03GWBISSMPLAS,,,PTUA2022,,,,,,
PO0170600UC013,,BS,,,COMEZZANO - CIZZAGO,,,574582.0,5036376.0,45.4769271102981,9.954238596653347,109.54,108.89,40.0,1,24,36,POTABILE,POZZO,GWB ISS MPOM,IT03GWBISSMPOM,,,PTUA2022,,,,,,
PO017037NRP001,,BS,,,CAPRIANO DEL COLLE,,,589891.7347,5032071.706,45.43638696568139,10.14929525982042,86.237,85.787,40.0,1,30,33,ALTRO MONITORAGGIO,PIEZOMETRO,GWB ISS MPOM,IT03GWBISSMPOM,SI,,PTUA2022,,,,,,
PO017122NRP001,,BS,,,BARBARIGA,,,583839.7803,5027911.328,45.39969714576089,10.071224859359045,80.26,80.05,30.0,1,12,30,IRRIGUO,POZZO,GWB ISS MPOM,IT03GWBISSMPOM,,,PTUA2022,,,,,,
PO0170880RC541,,BS,,,LENO,,,596024.0,5022678.0,45.35103507242776,10.22585151079556,62.16,62.16,12.0,1,3,12,INDUSTRIALE,PIEZOMETRO,GWB ISS MPOM,IT03GWBISSMPOM,SI,,PTUA2022,,,,,,
PO020034NU0002,,MN,,,MEDOLE,,,620111.0677,5022645.645,45.34703044329207,10.533241871189551,83.11,83.16,40.0,1,27,39,NON DEFINITO,PIEZOMETRO,GWB ISS MPOM,IT03GWBISSMPOM,SI,,PTUA2022,,,,,,
PO020063NU0002,,MN,,,SOLFERINO,,,622268.0218,5023901.63,45.35795895028286,10.561076384636204,105.62,105.76,43.0,1,33,43,NON DEFINITO,PIEZOMETRO,GWB ISS MPOM,IT03GWBISSMPOM,,,PTUA2022,,,,,,
PO020018NU0004,,MN,,,CAVRIANA,,,625401.9723,5021556.687,45.33630568065056,10.600479236226349,76.16,76.34,40.0,1,27,39,NON DEFINITO,PIEZOMETRO,GWB ISS MPOM,IT03GWBISSMPOM,SI,,PTUA2022,,,,,,
PO0170860UC579,,BS,,,ISORELLA,,,604118.0,5018644.0,45.31357761514704,10.3283044267419,55.48,55.78,47.0,1,42,47,IRRIGUO,POZZO,GWB ISS MPOM,IT03GWBISSMPOM,,,PTUA2022,,,,,,
PO0200150R0002,,MN,,,CASTEL GOFFREDO,,,612158.0,5017572.0,45.30269230801922,10.430602489855131,51.5,51.5,6.0,1,4,6,NON DEFINITO,PIEZOMETRO,GWB ISS MPOM,IT03GWBISSMPOM,SI,,PTUA2022,,,,,,
PO0200280R0056,,MN,,,GUIDIZZOLO,,,624064.0,5020093.0,45.323373451885935,10.583042549996113,65.27,65.27,54.0,1,44,54,NON DEFINITO,POZZO,GWB ISS MPOM,IT03GWBISSMPOM,SI,,PTUA2022,,,,,,
PO0200700R0002,,MN,,,VOLTA MANTOVANA,,,628665.0,5019369.0,45.3160304513808,10.64153883808833,57.05,57.05,15.0,1,13,15,NON DEFINITO,PIEZOMETRO,GWB ISS MPOM,IT03GWBISSMPOM,SI,,PTUA2022,,,,,,
PO017073NUP001,,BS,,,GAMBARA,,,601119.1923,5012345.56,45.25733522558431,10.288772182901152,48.524,48.324,15.0,1,10,14,IRRIGUO,POZZO,GWB ISS MPOM,IT03GWBISSMPOM,,,PTUA2022,,,,,,
PO0170710RC478,,BS,,,FIESSE,,,604060.0,5008231.0,45.2198787067589,10.325381827298147,41.5,40.78,10.0,1,4,10,INDUSTRIALE,PIEZOMETRO,GWB ISS MPOM,IT03GWBISSMPOM,SI,,PTUA2022,,,,,,
PO0200240R0001,,MN,,,GAZOLDO DEGLI IPPOLITI,,,624030.0,5006846.0,45.204181931823086,10.579299655825437,34.614,34.614,15.0,1,6,12,NON DEFINITO,PIEZOMETRO,GWB ISS MPOM,IT03GWBISSMPOM,,,PTUA2022,,,,,,
PO020032NR0001,,MN,,,MARIANA MANTOVANA,,,616370.0,5003316.0,45.17372376101871,10.480972931160748,33.008,33.008,25.0,1,12,24,NON DEFINITO,PIEZOMETRO,GWB ISS MPOM,IT03GWBISSMPOM,,,PTUA2022,,,,,,
PO0200510R0002,,MN,,,RODIGO,,,631172.0,5004964.0,45.18595458528186,10.669707101387392,31.0,31.0,17.0,1,15,17,NON DEFINITO,PIEZOMETRO,GWB ISS MPOM,IT03GWBISSMPOM,,,PTUA2022,,,,,,
PO0200210R0045,,MN,,,CURTATONE,,,639385.0,4998578.0,45.126921482174694,10.772420152153726,22.963,22.963,30.0,n.d.,n.d.,n.d.,ANTINCENDIO,POZZO,GWB ISS MPOM,IT03GWBISSMPOM,,,PTUA2022,,,,,,
PO020030NU0004,,MN,,,MANTOVA,,,640758.0,5001180.0,45.15006023789292,10.79060353909527,17.9,17.9,16.0,1,9,15,NON DEFINITO,PIEZOMETRO,GWB ISS MPOM,IT03GWBISSMPOM,SI,,PTUA2022,,,,,,
PO0181150U0006,,PV,,,PINAROLO PO,,,512380.0,4989928.0,45.06270324383503,9.157247713322233,67.287,66.637,19.5,1,10.5,14.5,POTABILE,POZZO,GWB ISS MPOP,IT03GWBISSMPOP,,,PTUA2022,,,,,,
PO0181180U0019,,PV,,,PORTALBERA,,,524321.0,4993134.0,45.09125307210425,9.309073225237395,68.079,67.559,17.2,1,10.3,16.3,POTABILE,POZZO,GWB ISS MPOP,IT03GWBISSMPOP,,,PTUA2022,,,,,,
PO018032NR0001,,PV,,,CASATISMA,,,508567.0,4988324.0,45.048320734274576,9.108788652586233,75.728,75.728,17.0,1,15.2,16.4,NON DEFINITO,PIEZOMETRO,GWB ISS MPOP,IT03GWBISSMPOP,,,PTUA2022,,,,,,
PO0180490U0003,,PV,,,CIGOGNOLA,,,520341.0,4986376.0,45.03054499619364,9.258221654203583,107.259,107.259,10.0,1,4.5,9.5,POTABILE,POZZO,GWB ISS MPOP,IT03GWBISSMPOP,,,PTUA2022,,,,,,
PO0181550U0001,,PV,,,TORRAZZA COSTE,,,505656.0,4980492.0,44.9778470882484,9.071735082195792,116.616,116.616,33.0,3,9,29,POTABILE,POZZO,GWB ISS MPOP,IT03GWBISSMPOP,,,PTUA2022,,,,,,
PO0180350U0002,,PV,,,CASSOLNOVO,,,485404.0,5022621.0,45.35694861525365,8.81364681775458,117.58,117.36,46.5,1,30.5,40.5,POTABILE,POZZO,GWB ISS MPP,IT03GWBISSMPP,,,PTUA2022,,,,,,
PO0180500U0002,,PV,,,CILAVEGNA,,,480174.0,5017487.0,45.310607424738045,8.747079595287138,115.897,115.897,50.0,1,41,48.8,POTABILE,POZZO,GWB ISS MPP,IT03GWBISSMPP,,,PTUA2022,,,,,,
PO0181770U0020,,PV,,,VIGEVANO,,,488853.0,5017022.0,45.306613277258435,8.85780764172826,103.06,102.99,46.0,1,30,42,POTABILE,POZZO,GWB ISS MPP,IT03GWBISSMPP,,,PTUA2022,,,,,,
PO018003NR0009,,PV,,,ALBONESE,,,477798.0,5014771.0,45.286088631670566,8.716890987064764,113.49,113.49,19.0,1,1,15,MONITORAGGIO,PIEZOMETRO,GWB ISS MPP,IT03GWBISSMPP,,,PTUA2022,,,,,,
PO018068NRP001,,PV,,,GAMBOLO',,,492857.0,5011583.0,45.25770645250831,8.90896135781428,100.934,100.934,53.5,1,46,49,NON DEFINITO,PIEZOMETRO,GWB ISS MPP,IT03GWBISSMPP,,,PTUA2022,,,,,,
PO018039NRP001,,PV,,,CASTELLO D'AGOGNA,,,474622.3907,5007946.95,45.22455521865299,8.676746467645437,107.215,108.345,58.0,1,33.46,51.46,ANTINCENDIO,POZZO,GWB ISS MPP,IT03GWBISSMPP,,,PTUA2022,,,,,,
PO0180690U0002,,PV,,,GARLASCO,,,494013.0,5004960.0,45.19809992494672,8.923774465554628,92.741,92.741,57.0,2,28,51,POTABILE,POZZO,GWB ISS MPP,IT03GWBISSMPP,,,PTUA2022,,,,,,
PO018147NUP001,,PV,,,SCALDASOLE,,,492497.439,4996514.77,45.12206431754044,8.90460554726539,86.584,87.544,60.0,3,7,50,POTABILE,POZZO,GWB ISS MPP,IT03GWBISSMPP,,,PTUA2022,,,,,,
PO018062NRD002,,PV,,,FERRERA ERBOGNONE,,,489193.0,4993809.0,45.097664891478715,8.862648406148372,86.799,86.459,20.0,1,1,15,NON DEFINITO,POZZO,GWB ISS MPP,IT03GWBISSMPP,,,PTUA2022,,,,,,
PO0180880U0001,,PV,,,MEDE,,,479549.0,4993807.0,45.0974337094121,8.740079011438807,92.936,92.936,53.0,1,30,48,POTABILE,POZZO,GWB ISS MPP,IT03GWBISSMPP,,,PTUA2022,,,,,,
PO018146NRP001,,PV,,,SARTIRANA LOMELLINA,,,473582.7089,4995758.07,45.1147987251862,8.664148913651337,99.039,99.039,50.0,1,39.5,43.5,POTABILE,POZZO,GWB ISS MPP,IT03GWBISSMPP,,,PTUA2022,,,,,,
PO018065NRG001,,PV,,,FRASCAROLO,,,476409.0,4987902.0,45.04418092411173,8.700449632530527,86.66,86.66,10.0,n.d.,n.d.,n.d.,INDUSTRIALE,PIEZOMETRO,GWB ISS MPP,IT03GWBISSMPP,,,PTUA2022,,,,,,
PO0150870U0001,,MI,,,CORNAREDO,,,501558.0,5037847.0,45.49415197913191,9.019939876318421,142.84,142.84,66.7,2,30.7,62.7,POTABILE,POZZO,GWB ISS MPTLN,IT03GWBISSMPTLN,,,PTUA2022,,,,,,
PO015146NU1496,0151461496,MI,FOG57,,MILANO,,,506073.0,5037830.0,45.49397425749584,9.077724318700698,135.68,135.68,15.0,n.d.,n.d.,n.d.,ALTRO MONITORAGGIO,PIEZOMETRO,GWB ISS MPTLN,IT03GWBISSMPTLN,,SCUOLA VIA SILLA 150,PTUA2022-FOG,,,,,135.63,
PO015211NUP001,0152110112,MI,,,SETTIMO MILANESE,,,503699.196,5038340.577,45.49858666333721,9.047347433117963,141.431,141.341,54.0,n.d.,n.d.,n.d.,POTABILE,PIEZOMETRO,GWB ISS MPTLN,IT03GWBISSMPTLN,,"fino al 2018 misure manuali; successiva transizione a misure con sonde automatiche, i cui dati non sono stati inseriti in quanto non validi",PTUA2022,,,,,,
PO015146NU1378,0151461378,MI,FOG39,,MILANO,,,515287.0,5031505.0,45.436900954265056,9.195450900660996,111.174,111.174,14.0,n.d.,n.d.,n.d.,ALTRO MONITORAGGIO,PIEZOMETRO,GWB ISS MPTLN,IT03GWBISSMPTLN,,SCUOLA VIA ANTONINI 50,PTUA2022-Idroscalo2005-FOG,,,111.91,,111.91,
PO015146NU1379,0151461379,MI,FOG54,,MILANO,,,518770.0,5029372.0,45.41761657687625,9.239900862531567,103.009,103.009,7.0,n.d.,n.d.,n.d.,ALTRO MONITORAGGIO,PIEZOMETRO,GWB ISS MPTLN,IT03GWBISSMPTLN,,SCUOLA VIA S. BERNARDO 19 (CHIARAVALLE),PTUA2022-Idroscalo2005-FOG,,,103.4,,103.4,
PO015146NU1435,0151461435,MI,FOG20,,MILANO,,,509862.0,5031663.0,45.43842076992926,9.126093314466248,115.102,115.102,9.0,n.d.,n.d.,n.d.,ALTRO MONITORAGGIO,PIEZOMETRO,GWB ISS MPTLN,IT03GWBISSMPTLN,,Scuola di Via San Colombano n.8 - RONCHETTO.S\N,PTUA2022-FOG,,,,,114.84,
PO015146NU1489,0151461489,MI,FOG71,,MILANO,,,505546.0,5032794.0,45.44864873447879,9.070922722823543,122.041,122.041,12.0,n.d.,n.d.,n.d.,ALTRO MONITORAGGIO,PIEZOMETRO,GWB ISS MPTLN,IT03GWBISSMPTLN,,SCUOLA VIA MUGGIANO 16,PTUA2022-FOG,,,,,122.42,
PO0150020U0005,,MI,,,ABBIATEGRASSO,,,493710.0,5027408.0,45.40016171743805,8.919631769878041,120.75,120.75,73.0,1,34.44,58,ALTRO MONITORAGGIO,POZZO,GWB ISS MPTLN,IT03GWBISSMPTLN,,,PTUA2022,,,,,,
PO015140NR0109,,MI,,,MELEGNANO,,,525097.0,5022171.0,45.35260064199001,9.320399277529186,90.34,90.52,21.0,1,9,20,MONITORAGGIO,PIEZOMETRO,GWB ISS MPTLN,IT03GWBISSMPTLN,SI,,PTUA2022,,,,,,
PO0152350U0001,0152350001,MI,,,VERMEZZO,,,498593.0,5026486.0,45.39188937814272,8.982025182520488,115.42,115.42,61.96,2,40.41,59.76,POTABILE,POZZO,GWB ISS MPTLN,IT03GWBISSMPTLN,,"fino al 2018 misure manuali; successiva transizione a misure con sonde automatiche, i cui dati non sono stati inseriti in quanto non validi-via Dante",PTUA2022-PTUA2003,113.52,,,,,2.0
PO015247NR0185,,MI,,,ZIBIDO S. GIACOMO,,,505595.6427,5026876.266,45.39538132303995,9.071490299154437,110.0,110.0,35.0,3,3,35,MONITORAGGIO,PIEZOMETRO,GWB ISS MPTLN,IT03GWBISSMPTLN,,,PTUA2022,,,,,,
PO0150150U0001,0150150001,MI,,,BASIGLIO,,,512869.0,5021793.0,45.34952935902273,9.164282389726978,96.789,96.789,42.0,1,32,40,ALTRO MONITORAGGIO,POZZO,GWB ISS MPTLN,IT03GWBISSMPTLN,,p.za M.Rossi-Chiesa-Piazza Rossi-Chiesa                                                                                                                                                                                                                                           ,PTUA2022-PTUA2003-CAP,96.7,96.68,,,,1.0
PO098008NR0025,,LO,,,CASALETTO LODIGIANO,,,528720.7753,5016831.303,45.304397700298445,9.36635111723311,71.308,71.898,38.0,1,23,35,INDUSTRIALE,POZZO,GWB ISS MPTLS,IT03GWBISSMPTLS,SI,SONDA AUTOMATICA GUASTA DA MARZO 2020,PTUA2022,,,,,,
PO018176NUP001,,PV,,,VIDIGULFO,,,518046.1505,5015899.105,45.296362209727555,9.230157204614613,88.252,88.252,20.0,n.d.,n.d.,n.d.,POTABILE,PIEZOMETRO,GWB ISS MPTLS,IT03GWBISSMPTLS,,,PTUA2022,,,,,,
PO018014NRP001,,PV,,,BEREGUARDO,,,501192.2303,5013351.973,45.273665145843964,9.015199418078838,96.11,97.18,47.0,1,35,41,POTABILE,POZZO,GWB ISS MPTLS,IT03GWBISSMPTLS,,,PTUA2022,,,,,,
PO018043NUP001,,PV,,,CERANOVA,,,518426.6123,5011543.4,45.25714482809646,9.234847718949935,82.743,82.303,15.0,n.d.,n.d.,n.d.,POTABILE,PIEZOMETRO,GWB ISS MPTLS,IT03GWBISSMPTLS,,,PTUA2022,,,,,,
PO018072NUP001,,PV,,,GIUSSAGO,,,512563.9021,5011157.222,45.25379784998559,9.160117896148135,87.134,87.134,20.0,n.d.,n.d.,n.d.,POTABILE,PIEZOMETRO,GWB ISS MPTLS,IT03GWBISSMPTLS,,,PTUA2022,,,,,,
PO018173NUP001,,PV,,,VELLEZZO BELLINI,,,507665.8853,5013301.882,45.273173451843775,9.097729431902152,92.877,92.357,15.0,n.d.,n.d.,n.d.,POTABILE,PIEZOMETRO,GWB ISS MPTLS,IT03GWBISSMPTLS,,,PTUA2022,,,,,,
PO018048NRP001,,PV,,,CHIGNOLO PO,,,522279.911,5003718.756,45.18660002764407,9.283607177213705,74.871,75.341,13.0,1,10.5,12.5,IRRIGUO,POZZO,GWB ISS MPTLS,IT03GWBISSMPTLS,,,PTUA2022,,,,,,
PO0181100U0111,,PV,,,PAVIA,,,511138.0,5006846.0,45.21501429263046,9.141849281797,83.4,83.05,17.0,n.d.,n.d.,n.d.,PIEZOMETRO SUPERFICIALE ASSOCIATO A POZZO PROFONDO,PIEZOMETRO,GWB ISS MPTLS,IT03GWBISSMPTLS,,,PTUA2022,,,,,,
PO018180NUP001,,PV,,,VILLANTERIO,,,528164.265,5007156.563,45.217334651375126,9.358703840131836,73.02,73.82,73.0,1,56,68,POTABILE,POZZO,GWB ISS MPTLS,IT03GWBISSMPTLS,,,PTUA2022,,,,,,
PO0180130U0005,,PV,,,BELGIOIOSO,,,523764.0,5000838.0,45.160620352830435,9.302361053940158,74.964,74.964,60.0,1,25,47,POTABILE,POZZO,GWB ISS MPTLS,IT03GWBISSMPTLS,,,PTUA2022,,,,,,
PO0180480U0004,,PV,,,CHIGNOLO PO,,,539643.0,5000554.0,45.157350421519254,9.504368543332744,58.81,57.66,20.0,2,8,14,POTABILE,POZZO,GWB ISS MPTLS,IT03GWBISSMPTLS,,,PTUA2022,,,,,,
PO0180810U0111,,PV,,,LINAROLO,,,521130.0,5000547.0,45.15808470107657,9.268835451884158,74.97,74.45,20.0,1,10,20,PIEZOMETRO SUPERFICIALE ASSOCIATO A POZZO PROFONDO,PIEZOMETRO,GWB ISS MPTLS,IT03GWBISSMPTLS,,,PTUA2022,,,,,,
CAP-0980490001,0980490001,LO,,,SAN ROCCO AL PORTO                                                                                                                                                                                                                                            ,,,554741.4283956187,4992200.95062282,45.0811541887224,9.69553592959806,51.92,,,,,,,,,IT03GWBISSBPPO,,via Acquedotto                                                                                                                                                                                                                                                ,CAP,,51.92,,,,
CAP-0181140002,0181140002,PV,,,PIEVE PORTO MORONE                                                                                                                                                                                                                                            ,,,534761.7928098906,4995385.807417155,45.1110865812865,9.44190863900206,54.68,,,,,,,,,IT03GWBISSBPPO,,                                                                                                                                                                                                                                                              ,CAP,,54.68,,,,
CAP-0980150003,0980150003,LO,,,CASTIRAGA VIDARDO                                                                                                                                                                                                                                             ,,,530760.7986433454,5012168.473228633,45.2623398947847,9.39208305711081,75.53,,,,,,,,,IT03GWBISSMPTLS,,Cascina  Pollarana                                                                                                                                                                                                                                            ,CAP,,75.53,,,,
CAP-0980500005,0980500005,LO,,,SANT'ANGELO LODIGIANO                                                                                                                                                                                                                                         ,,,532012.7963636792,5007028.5756765455,45.2160181352273,9.40770984603638,74.38,,,,,,,,,IT03GWBISSMPTLS,,fraz.Ranera                                                                                                                                                                                                                                                   ,CAP,,74.38,,,,
CAP-0980590001,0980590001,LO,,,VALERA FRATTA                                                                                                                                                                                                                                                 ,,,526374.8842656376,5011506.467503513,45.2565591692944,9.33614523212096,77.81,,,,,,,,,IT03GWBISSMPTLS,,serb. scuola materna                                                                                                                                                                                                                                          ,CAP,,77.81,,,,
CAP-0180700001,0180700001,PV,,,GENZONE                                                                                                                                                                                                                                                       ,,,527546.8980923276,5002860.635963813,45.1786895253954,9.35060356609139,73.99,,,,,,,,,IT03GWBISSMPTLS,,via Cairoli                                                                                                                                                                                                                                                   ,CAP,,73.99,,,,
CAP-0180780001,0180780001,PV,,,LANDRIANO                                                                                                                                                                                                                                                     ,,,520446.97066793154,5017654.3265213305,45.3120957714803,9.26084895906697,85.63,,,,,,,,,IT03GWBISSMPTLS,,Piazza Marconi                                                                                                                                                                                                                                                ,CAP,,85.63,,,,
CAP-0180930002,0180930002,PV,,,MIRADOLO TERME                                                                                                                                                                                                                                                ,,,535621.7492332057,5001960.686570022,45.1702270243791,9.45330922242028,68.88,,,,,,,,,IT03GWBISSMPTLS,,                                                                                                                                                                                                                                                              ,CAP,,68.88,,,,
CAP-0980070001,0980070001,LO,,,CAMAIRAGO                                                                                                                                                                                                                                                     ,,,556951.3292749213,5006036.698001108,45.2055150225883,9.72518959242269,60.4,,,,,,,,,IT03GWBISSMPLAS,,via 4 novembre                                                                                                                                                                                                                                                ,CAP,,60.4,,,,
CAP-0980230001,0980230001,LO,,,CORNOVECCHIO                                                                                                                                                                                                                                                  ,,,562763.2508970874,4998450.865604838,45.1367427516661,9.79823441897577,52.67,,,,,,,,,IT03GWBISSMPLAS,,Municipio                                                                                                                                                                                                                                                     ,CAP,,52.67,,,,
CAP-0980330001,0980330001,LO,,,MACCASTORNA                                                                                                                                                                                                                                                   ,,,567270.1610681966,4999577.862949289,45.1464715295027,9.85569966139784,40.28,,,,,,,,,IT03GWBISSMPLAS,,via Roma                                                                                                                                                                                                                                                      ,CAP,,40.28,,,,
CAP-0980350002,0980350002,LO,,,MALEO                                                                                                                                                                                                                                                         ,,,560071.28746969,5001900.789178868,45.1680292626385,9.76441567897851,57.44,,,,,,,,,IT03GWBISSMPLAS,,Piazza 25 Aprile                                                                                                                                                                                                                                              ,CAP,,57.44,,,,
CAP-0980400001,0980400001,LO,,,MONTANASO LOMBARDO                                                                                                                                                                                                                                            ,,,535848.670170593,5019948.347230227,45.3321268295545,9.45749489855501,82.67,,,,,,,,,IT03GWBISSMPLAS,,Comune                                                                                                                                                                                                                                                        ,CAP,,82.67,,,,
CAP-0980420003,0980420003,LO,,,ORIO LITTA                                                                                                                                                                                                                                                    ,,,543791.5991110007,5000932.739960029,45.1605142719693,9.55718103318988,65.02,,,,,,,,,IT03GWBISSMPLAS,,via Pio Rossi                                                                                                                                                                                                                                                 ,CAP,,65.02,,,,
CAP-0980580002,0980580002,LO,,,TURANO LODIGIANO                                                                                                                                                                                                                                              ,,,548730.4647816786,5010811.573569096,45.2491105437009,9.62098372468812,65.49,,,,,,,,,IT03GWBISSMPLAS,,via 25 Aprile                                                                                                                                                                                                                                                 ,CAP,,65.49,,,,
CAP-0980020001,0980020001,LO,,,BERTONICO                                                                                                                                                                                                                                                     ,,,552805.3940213227,5009311.618853627,45.2353154397165,9.67274868228159,62.65,,,,,,,,,IT03GWBISSMPLAS,,via Garibaldi                                                                                                                                                                                                                                                 ,CAP,,62.65,,,,
CAP-0151250001,0151250001,MI,,,LOCATE DI TRIULZI                                                                                                                                                                                                                                             ,,,517386.86661158653,5022662.551040866,45.3572589360192,9.22198654825487,94.84,,,,,,,,,IT03GWBISSMPTLN,,Piazza Gramsci                                                                                                                                                                                                                                                ,CAP,,94.84,,,,
CAP-0151890001,0151890001,MI,,,ROZZANO                                                                                                                                                                                                                                                       ,,,511414.88476084196,5024740.265846566,45.3760838432645,9.14578770865922,101.91,,,,,,,,,IT03GWBISSMPTLN,,                                                                                                                                                                                                                                                              ,CAP,,101.91,,,,
PO0151950U0007,0151950007,MI,,,SAN GIULIANO MILANESE                                                                                                                                                                                                                                         ,,,519334.68959453,5026796.061981088,45.3944146557292,9.24701706294181,100.01,,,,,,,,,IT03GWBISSMPTLN,,                                                                                                                                                                                                                                                              ,CAP,,100.01,,,,
CAP-0152220001,0152220001,MI,,,TRIBIANO                                                                                                                                                                                                                                                      ,,,528797.7700656902,5027948.166605384,45.4044594414831,9.36798115797055,94.58,,,,,,,,,IT03GWBISSMPLAN,,                                                                                                                                                                                                                                                              ,CAP,,94.58,,,,
PO0151670U0001,0151670001,MI,,,PANTIGLIATE                                                                                                                                                                                                                                                   ,,,527780.7423593218,5032011.055545497,45.4410709763464,9.355214981542,102.37,,,,,,,,,IT03GWBISSMPLAN,,                                                                                                                                                                                                                                                              ,CAP,,102.37,,,,
PO0151850U0001,0151850001,MI,,,RODANO                                                                                                                                                                                                                                                        ,,,528044.0599491434,5035478.740077,45.4722731808255,9.35877967579028,110.41,,,,,,,,,IT03GWBISSMPLAN,,                                                                                                                                                                                                                                                              ,CAP,,110.41,,,,
CAP-0980200001,0980200001,LO,,,COMAZZO                                                                                                                                                                                                                                                       ,,,536505.6071784581,5032112.119943524,45.4415792567387,9.46677859368606,90.77,,,,,,,,,IT03GWBISSMPLAN,,Piazza Caduti                                                                                                                                                                                                                                                 ,CAP,,90.77,,,,
CAP-0980410001,0980410001,LO,,,MULAZZANO                                                                                                                                                                                                                                                     ,,,531385.7355938233,5024486.242843741,45.3731870290326,9.40082938535868,90.43,,,,,,,,,IT03GWBISSMPLAN,,via Lago Maggiore                                                                                                                                                                                                                                             ,CAP,,90.43,,,,
idroscalo,,MI,,,PESCHIERA BORROMEO,,,522422.32635832333,5033299.731368452,45.452863,9.28676,105.95,,,,,,,,,IT03GWBISSMPLAN,,"rilevamenti del livello dell'Idroscalo, affioramento della falda",Idroscalo2005,,,,,,
FOG14,0151461312,MI,FOG14,,MILANO,1950-07-01 00:00:00,2017-12-01,518932.92061656795,5036529.963244154,45.48204197509303,9.242258809625767,118.65,,,,,,,,,IT03GWBISSAPTA,,SCUOLE LAMBRATE - VIA CONTE ROSSO,FOG,,,,,,
FOG16,0151461161,MI,FOG16,,MILANO,1950-07-01 00:00:00,2014-09-01,515853.99463431974,5032722.022410121,45.447842946266746,9.20273935926081,114.38,,,,,,,,,IT03GWBISSAPTA,,VIA CREMA,FOG,,,,,,
FOG17,0151461374,MI,FOG17,,MILANO,,,517441.9689004675,5031701.04833617,45.43861515076252,9.22300986337314,110.44,,,,,,,,,IT03GWBISSMPTLN,,VIA POLESINE,FOG,,,,,,
FOG18,0151461375,MI,FOG18,,MILANO,,,519317.93695937004,5030864.071982008,45.43103204980172,9.246962575920863,105.12,,,,,,,,,IT03GWBISSMPTLN,,VIA M.PIANA,FOG,,,,,,
FOG21,0151461376,MI,FOG21,,MILANO,,,517495.9677972882,5031721.048183067,45.43879382263438,9.223700989577726,108.8,,,,,,,,,IT03GWBISSMPTLN,,VIALE MARTINI 4 - CENTRALE AP,FOG,,,,,,
FOG24,0151461535,MI,FOG24,,MILANO,1952-01-01 00:00:00,2017-12-01,509374.09124799183,5038896.878626455,45.503540798354386,9.119993125470616,135.53,,,,,,,,,IT03GWBISSAPTA,,CIMITERO MUSOCCO,FOG,,,,,,
FOG27,0151461119,MI,FOG27,,MILANO,1952-01-01 00:00:00,2016-05-01,513824.03009837685,5033411.000917559,45.45408768368235,9.17679987634677,115.87,,,,,,,,,IT03GWBISSAPTA,,VIA ARENA 17,FOG,,,,,,
FOG31,0151461486,MI,FOG31,,MILANO,,,510155.09551707003,5034338.968066586,45.462503471158186,9.129896036459915,122.07,,,,,,,,,IT03GWBISSMPTLN,,Scuola di Via delle Forze armate n.65,FOG,,,,,,
FOG32,0151461462,MI,FOG32,,MILANO,,,511149.08250182704,5032958.998307749,45.450066953302475,9.142578996227252,116.77,,,,,,,,,IT03GWBISSMPTLN,,VIA VESPRI.SICILIANI 75,FOG,,,,,,
FOG33,0151461417,MI,FOG33,,MILANO,,,513766.03766551585,5031859.030022811,45.44011926475984,9.176014744932559,114.89,,,,,,,,,IT03GWBISSMPTLN,,VIA SFORZA 91 - CENTRALE AP,FOG,,,,,,
FOG34,0151461162,MI,FOG34,,MILANO,1952-01-01 00:00:00,2017-12-01,513622.0348764663,5033180.004443144,45.452012414854345,9.17421010622852,115.23,,,,,,,,,IT03GWBISSAPTA,,SCUOLA ALZAIA NAVIGLIO GRANDE 22,FOG,,,,,,
FOG38,0151461377,MI,FOG38,,MILANO,,,515717.0048591106,5030890.056480987,45.43135619467033,9.200929021463953,108.91,,,,,,,,,IT03GWBISSMPTLN,,SCUOLA VIA NOTO 4,FOG,,,,,,
FOG41,0151461121,MI,FOG41,,MILANO,1952-01-01 00:00:00,2017-12-01,513320.0336862312,5034832.971927784,45.46689686473682,9.170392685679944,119.56,,,,,,,,,IT03GWBISSAPTA,,SCUOLA VIA RUFFINI  4-6,FOG,,,,,,
FOG55,0151461487,MI,FOG55,,MILANO,,,506807.15797692665,5034522.950616933,45.464200202627545,9.087074450226515,125.17,,,,,,,,,IT03GWBISSMPTLN,,"VIA ANSELMO DA BAGGIO 60
",FOG,,,,,,
FOG56,0151461495,MI,FOG56,,MILANO,1954-01-01 00:00:00,2017-12-01,508244.1179025242,5037622.897998509,45.492087819031255,9.105507501690436,132.7,,,,,,,,,IT03GWBISSAPTA,,SCUOLA VIA LAMPUGNANO 145,FOG,,,,,,
FOG58,0151461488,MI,FOG58,,MILANO,,,506935.14936608373,5036006.923090616,45.477556432809955,9.08873262042335,129.66,,,,,,,,,IT03GWBISSMPTLN,,SCUOLA VIA CAIO MARIO 18,FOG,,,,,,
FOG72,0151461354,MI,FOG72,,MILANO,1954-07-01 00:00:00,2017-12-01,519229.9327454951,5032274.044953425,45.44372585741783,9.24589264708829,108.03,,,,,,,,,IT03GWBISSAPTA,,SCUOLA VIA SORDELLO 7,FOG,,,,,,
PO015209NR0264,0152090264,MI,,VA.PS.002,SESTO SAN GIOVANNI,2009-09-01 00:00:00,2022-03-01,518578.77552852826,5041753.6830090275,45.5290704543389,9.23792532620731,137.51,,30.0,,18.0,30.0,,,,IT03GWBISSAPTA,,PIE-VITTORIA_A,SSGiovanni,,,,,,
CM.PS.002,0152090284,MI,,CM.PS.002,SESTO SAN GIOVANNI,2009-09-01 00:00:00,2022-07-01,520492.0233070304,5043216.663328315,45.5421850584263,9.26248795638083,142.81,,30.0,,18.0,30.0,,,,IT03GWBISSAPTA,,PIE-CAVA_MELZI,SSGiovanni,,,,,,
PO015209NR0336,0152090336,MI,,UN.PS.001,SESTO SAN GIOVANNI,2009-09-01 00:00:00,2022-07-01,519283.32765881234,5042849.28523466,45.5389128191665,9.24699111220477,142.55,,30.0,,18.0,30.0,,,,IT03GWBISSAPTA,,PIE-UNIONE,SSGiovanni,,,,,,
PO015209NRA683,0152090340,MI,,UN.PS.003,SESTO SAN GIOVANNI,2009-09-01 00:00:00,2022-07-01,518988.4312938887,5043312.885241416,45.5430937823539,9.24323194963941,142.08,,30.0,,18.0,30.0,,,,IT03GWBISSAPTA,,PIE-UNIONE,SSGiovanni,,,,,,
