CODICE,PROVINCIA,COMUNE,DATA_INIZIO,X_WGS84,Y_WGS84,QUOTA_MISU,QUOTA_PC_S,PROFONDITA,FILTRI_N,FILTRI_TOP,FILTRI_BOT,USO,TIPO,BACINO_GWB_2015,BACINO_WISE,SONDA_AUTO,NOTE
PO0161150U0002,BG,GORLE,01/05/2004,555750,5060383,262.955,262.955,65,1,41,65,MONITORAGGIO BONIFICA,PIEZOMETRO,GWB ISS APAO,IT03GWBISSAPAO,,
PO0160240R0296,BG,BERGAMO,01/01/2011,552395,5057957,232,232,76,2,46,67,MONITORAGGIO BONIFICA,PIEZOMETRO,GWB ISS APAO,IT03GWBISSAPAO,,
PO016042NU0001,BG,BRUSAPORTO,01/03/2012,560015,5057521,232,232,75,1,39,69,IRRIGUO,POZZO,GWB ISS APAO,IT03GWBISSAPAO,SI,
PO0160890R0001,BG,CURNO,01/01/2006,546219,5058655,201.044,200.294,40,1,25,35,IRRIGUO,POZZO,GWB ISS APAO,IT03GWBISSAPAO,,
PO0160980R0009,BG,FILAGO,01/01/2010,541795,5054560,202.836,202.836,70,1,50,70,MONITORAGGIO DISCARICA,PIEZOMETRO,GWB ISS APAO,IT03GWBISSAPAO,,
PO016117NU0001,BG,GRASSOBBIO,01/03/2009,556822,5054066,204.898,204.898,60,1,21,60,MONITORAGGIO BONIFICA,PIEZOMETRO,GWB ISS APAO,IT03GWBISSAPAO,,
PO016123NU0001,BG,LALLIO,01/03/2012,548636,5057202,216.8,216.8,60,1,55,60,IRRIGUO,POZZO,GWB ISS APAO,IT03GWBISSAPAO,,
PO0162130R0002,BG,TERNO D'ISOLA,01/08/2004,541508,5059467,230.29,230.29,58,1,30,52,MONITORAGGIO BONIFICA,PIEZOMETRO,GWB ISS APAO,IT03GWBISSAPAO,,
PO0160280R0003,BG,BOLGARE,01/11/2009,563270,5053189,192.624,192.474,22,1,10,20,MONITORAGGIO BONIFICA,PIEZOMETRO,GWB ISS APAO,IT03GWBISSAPAO,SI,
PO0160750U0003,BG,CISERANO,01/12/2011,548086,5048605,159.04,159.04,20,1,5,20,MONITORAGGIO,PIEZOMETRO,GWB ISS APAO,IT03GWBISSAPAO,,
PO0161530R0004,BG,OSIO SOTTO,01/01/2010,544462,5052042,182.635,181.915,50,3,24.5,35.2,MONITORAGGIO DISCARICA,PIEZOMETRO,GWB ISS APAO,IT03GWBISSAPAO,SI,
PO0161570R3380,BG,PALOSCO,01/01/2006,564666,5047586,149.671,149.501,48,1,35,44,DOMESTICO,POZZO,GWB ISS APAO,IT03GWBISSAPAO,,
PO0162120R0001,BG,TELGATE,01/05/2014,567086.73,5052562.733,191,190.5,72,1,48,72,IRRIGUO,POZZO,GWB ISS APAO,IT03GWBISSAPAO,,
PO0160760R1284,BG,CIVIDATE AL PIANO,01/03/2012,565653,5042196,131.5,131.5,18,n.d.,n.d.,n.d.,MONITORAGGIO,PIEZOMETRO,GWB ISS APAO,IT03GWBISSAPAO,,
PO0161290R0001,BG,LURANO,01/01/2006,550460,5045643,142.426,142.296,30,1,25,30,INDUSTRIALE,POZZO,GWB ISS APAO,IT03GWBISSAPAO,,
PO0161830R0003,BG,ROMANO DI LOMBARDIA,01/02/2006,559060,5041598,124.207,124.207,62,1,55,60,POTABILE,POZZO,GWB ISS APAO,IT03GWBISSAPAO,SI,
PO016219NUP001,BG,TREVIGLIO,01/03/2015,546053.6207,5041359.158,127.309,126.559,57,2,38,54,POTABILE,POZZO,GWB ISS APAO,IT03GWBISSAPAO,,
PO0161770U0001,BG,PUMENENGO,01/01/2006,567748,5036468,110.197,110.197,60,1,42,54,POTABILE,POZZO,GWB ISS APAO,IT03GWBISSAPAO,SI,DATI SONDA AUTOMATICA NON VALIDI
PO0170290UB135,BS,BRESCIA,01/01/2006,591217,5041379,119.62,119.62,25,1,9,25,MONITORAGGIO BONIFICA,PIEZOMETRO,GWB ISS APOM,IT03GWBISSAPOM,SI,
PO0170400RC511,BS,CASTEGNATO,01/01/2006,584404,5046117,157.22,157.28,60,1,37.5,55.5,INDUSTRIALE,PIEZOMETRO,GWB ISS APOM,IT03GWBISSAPOM,,
PO0171660UC529,BS,ROVATO,01/01/2006,579372,5046593,176.48,176.48,81,1,63,75,INDUSTRIALE,POZZO,GWB ISS APOM,IT03GWBISSAPOM,,
PO0170290RC490,BS,BRESCIA,01/01/2006,600963,5039596,135.48,135.48,34,1,17,34,ANTINCENDIO,POZZO,GWB ISS APOM,IT03GWBISSAPOM,SI,
PO017029NR0001,BS,BRESCIA,01/03/2012,591971,5038818,107.06,107.06,12,1,3,12,INDUSTRIALE,PIEZOMETRO,GWB ISS APOM,IT03GWBISSAPOM,SI,
PO017029NR0003,BS,BRESCIA,01/01/2016,599429,5039811,0,0,30,2,12,30,MONITORAGGIO,PIEZOMETRO,GWB ISS APOM,IT03GWBISSAPOM,,
PO0170450RC542,BS,CASTREZZATO,01/02/2010,578796,5040213,129.4,129.92,28,1,15,24,INDUSTRIALE,POZZO,GWB ISS APOM,IT03GWBISSAPOM,,
PO0171130RC561,BS,MONTICHIARI,01/01/2009,605366,5033595,118.75,120,56,1,25,52,INDUSTRIALE,PIEZOMETRO,GWB ISS APOM,IT03GWBISSAPOM,,
PO017113NRD106,BS,MONTICHIARI,01/01/2006,605200,5032183,111.68,111.28,41.8,1,29.8,41.8,INDUSTRIALE,POZZO,GWB ISS APOM,IT03GWBISSAPOM,,
PO0171140UC023,BS,MONTIRONE,01/01/2006,596315,5033160,98.78,100.61,55.5,1,22.25,31.25,POTABILE,POZZO,GWB ISS APOM,IT03GWBISSAPOM,,
PO0200170R0001,MN,CASTIGLIONE DELLE STIVIERE,01/01/2006,615368,5028467,105.253,105.253,28,1,18,28,NON DEFINITO,PIEZOMETRO,GWB ISS APOM,IT03GWBISSAPOM,,
PO0170340RC481,BS,CALVISANO,01/01/2006,603498,5027951,85.95,85.8,10,1,4,10,INDUSTRIALE,PIEZOMETRO,GWB ISS APOM,IT03GWBISSAPOM,SI,
PO020017NU0005,MN,CASTIGLIONE DELLE STIVIERE,01/05/2014,618058.0846,5027962.536,112.83,112.69,60,1,48,58,NON DEFINITO,PIEZOMETRO,GWB ISS APOM,IT03GWBISSAPOM,SI,
PO0170340RC483,BS,CALVISANO,01/07/2009,604569,5024858,75.97,75.64,12,1,6,12,INDUSTRIALE,PIEZOMETRO,GWB ISS APOM,IT03GWBISSAPOM,SI,
PO0130230U0003,CO,BINAGO,01/01/2006,492805,5069886,372.084,373.384,30,1,20.5,29.5,POTABILE,POZZO,GWB ISS APTA,IT03GWBISSAPTA,,
PO012002NU0008,VA,ALBIZZATE,01/09/2011,485002,5065315,313.8,315.12,48.5,1,18,28.5,POTABILE,POZZO,GWB ISS APTA,IT03GWBISSAPTA,,Gestore spegne pozzo al massimo per 30'
PO012136NUZ001,VA,VENEGONO INFERIORE,01/08/2005,493230,5064390,315.709,316.009,67,2,28,55,ALTRO MONITORAGGIO,PIEZOMETRO,GWB ISS APTA,IT03GWBISSAPTA,,
PO0130280U0009,CO,BREGNANO,01/01/2006,503950,5061917,281.548,283.013,96,1,71,86,POTABILE,POZZO,GWB ISS APTA,IT03GWBISSAPTA,,
PO013029NU0003,CO,BRENNA,01/01/2006,514917,5064395,340.871,342.371,79,1,57,74,POTABILE,POZZO,GWB ISS APTA,IT03GWBISSAPTA,,
PO0130460U0001,CO,CARIMATE,01/01/2006,508142,5061966,250.348,253.598,61,3,41.41,58,POTABILE,POZZO,GWB ISS APTA,IT03GWBISSAPTA,,
PO013064NU0002,CO,CERMENATE,01/01/2006,506428,5061507,301.932,304.572,110,1,98.3,102.3,POTABILE,POZZO,GWB ISS APTA,IT03GWBISSAPTA,,
PO0131330U0009,CO,LOMAZZO,01/01/2006,502017,5061511,303.805,306.115,153,1,88,91,POTABILE,POZZO,GWB ISS APTA,IT03GWBISSAPTA,,
PO013143NUP001,CO,MARIANO COMENSE,01/03/2015,513110.453,5061567.053,284.119,285.209,53,1,37,47,POTABILE,POZZO,GWB ISS APTA,IT03GWBISSAPTA,,
PO0970200U0002,LC,CERNUSCO LOMBARDONE,01/01/2006,531019,5060365,254.711,256.57,40,1,22,36,POTABILE,POZZO,GWB ISS APTA,IT03GWBISSAPTA,,
PO0970480U0001,LC,MERATE,01/01/2001,530989,5061279,264.704,266.704,49.8,1,35,44,POTABILE,POZZO,GWB ISS APTA,IT03GWBISSAPTA,,
PO0120500RZ001,VA,CISLAGO,01/12/2005,495380,5054832,207.042,207.752,15,n.d.,n.d.,n.d.,ALTRO MONITORAGGIO,PIEZOMETRO,GWB ISS APTA,IT03GWBISSAPTA,,
PO012070NU1007,VA,GALLARATE,01/01/2004,482391,5056403,252.806,254.856,65,4,32,55,POTABILE,POZZO,GWB ISS APTA,IT03GWBISSAPTA,,Gestore spegne pozzo al massimo per 30'
PO0120790RZ001,VA,GORLA MINORE,01/12/2005,494757,5054445,241.321,241.521,50,n.d.,n.d.,n.d.,ALTRO MONITORAGGIO,PIEZOMETRO,GWB ISS APTA,IT03GWBISSAPTA,,
PO012123NUP001,VA,SOMMA LOMBARDO,01/03/2015,477395.4323,5053944.915,228.186,231.736,100,1,58,88,POTABILE,POZZO,GWB ISS APTA,IT03GWBISSAPTA,,Gestore spegne pozzo al massimo per 30'
PO0131310U0001,CO,LOCATE VARESINO,01/03/2012,494595,5059657,272.942,273.982,58,1,50,54,POTABILE,POZZO,GWB ISS APTA,IT03GWBISSAPTA,,
PO0131590U0001,CO,MOZZATE,01/01/2006,495957,5058515,260,261.965,102.5,2,40,98,POTABILE,POZZO,GWB ISS APTA,IT03GWBISSAPTA,,
PO0970200U0003,LC,CERNUSCO LOMBARDONE,01/01/2001,530490,5059489,246.905,248.915,50,1,37,43,POTABILE,POZZO,GWB ISS APTA,IT03GWBISSAPTA,,
PO0970610U0015,LC,OSNAGO,01/01/2006,529860,5057943,238.515,238.095,46.6,2,21.4,47,POTABILE,POZZO,GWB ISS APTA,IT03GWBISSAPTA,,
PO1080390U0026,MB,SEREGNO,01/03/2015,516742.2773,5056424.618,230.749,233.749,96,3,68,88,POTABILE,POZZO,GWB ISS APTA,IT03GWBISSAPTA,,
PO012026NU3021,VA,BUSTO ARSIZIO,01/01/2006,486383,5048270,201.672,204.682,102,2,42,95,INDUSTRIALE,POZZO ATTREZZATO CON PIEZOMETRO,GWB ISS APTA,IT03GWBISSAPTA,,Gestore spegne pozzo al massimo per 30'
PO0120750R2020,VA,GERENZANO,01/01/2006,498243,5052530,220.926,220.626,62,1,33.5,59,INDUSTRIALE,POZZO,GWB ISS APTA,IT03GWBISSAPTA,,
PO012090NU2009,VA,LONATE POZZOLO,01/01/2006,477623,5050127,208.446,207.946,82.6,1,55,74,POTABILE,POZZO,GWB ISS APTA,IT03GWBISSAPTA,,Gestore spegne pozzo al massimo per 30'
PO0121180U0005,VA,SAMARATE,01/01/2006,481042,5052887,223.767,226.067,80,2,50,72,POTABILE,POZZO,GWB ISS APTA,IT03GWBISSAPTA,,Gestore spegne pozzo al massimo per 30'
PO0121300RZ001,VA,UBOLDO,01/11/2005,497814,5049212,203.65,204.2,45,n.d.,n.d.,n.d.,ALTRO MONITORAGGIO,PIEZOMETRO,GWB ISS APTA,IT03GWBISSAPTA,,
PO0151810U0001,MI,RESCALDINA,01/01/2005,496110,5051398,222.44,222.54,81.7,2,51.7,73.7,POTABILE,POZZO,GWB ISS APTA,IT03GWBISSAPTA,,
PO015219NU0009,MI,TREZZANO ROSA,01/03/2015,537519.0517,5047771.168,168.999,170.379,45,1,34,40.5,POTABILE,PIEZOMETRO,GWB ISS APTA,IT03GWBISSAPTA,,"fino al 2018 misure manuali; successiva transizione a misure con sonde automatiche, i cui dati non sono stati inseriti in quanto non validi"
PO0152210U0001,MI,TREZZO SULL'ADDA,01/01/2006,540511,5051067,150.393,150.393,32.98,1,17,32,POTABILE,POZZO,GWB ISS APTA,IT03GWBISSAPTA,,"fino al 2018 misure manuali; successiva transizione a misure con sonde automatiche, i cui dati non sono stati inseriti in quanto non validi"
PO108023NU0003,MB,DESIO,01/01/2006,516261,5051920,199.167,199.167,78,3,42,65,POTABILE,POZZO,GWB ISS APTA,IT03GWBISSAPTA,,
PO1080310U0001,MB,MEZZAGO,01/01/2006,534712,5052931,220.664,220.664,75.2,1,54,74.65,POTABILE,POZZO,GWB ISS APTA,IT03GWBISSAPTA,,
PO108033NR0142,MB,MONZA,01/01/2006,522621,5051383,178.79,178.79,42,1,10.5,31.5,IRRIGUO,POZZO,GWB ISS APTA,IT03GWBISSAPTA,,
PO1080350U0024,MB,NOVA MILANESE,01/01/1999,514972,5048824,174.02,176.6,85,2,50,79,POTABILE,POZZO,GWB ISS APTA,IT03GWBISSAPTA,,
PO1080210U0002,MB,CONCOREZZO,01/01/2006,525376,5047357,162.45,162.45,56,1,32,47,POTABILE,POZZO,GWB ISS APTA,IT03GWBISSAPTA,,
PO0152060U0004,MI,SENAGO,01/01/2006,510294,5047238,169.78,169.78,104,2,41.29,64.11,POTABILE,POZZO,GWB ISS APTA,IT03GWBISSAPTA,,"fino al 2018 misure manuali; successiva transizione a misure con sonde automatiche, i cui dati non sono stati inseriti in quanto non validi"
PO015041NR0075,MI,BUSTO GAROLFO,01/05/2014,491337,5042014,171.64,172.01,30,1,15,30,MONITORAGGIO,PIEZOMETRO,GWB ISS APTA,IT03GWBISSAPTA,SI,
PO015051NR0012,MI,CARUGATE,01/05/2014,526092,5045211,0,153,40,2,22,37,INDUSTRIALE,POZZO,GWB ISS APTA,IT03GWBISSAPTA,SI,
PO015060NU0070,MI,CASSINA DE' PECCHI,01/05/2014,528555,5041375,134.13,134.13,43,n.d.,n.d.,n.d.,MONITORAGGIO,PIEZOMETRO,GWB ISS APTA,IT03GWBISSAPTA,,
PO015062NR0071,MI,CASTANO PRIMO,01/05/2014,479252,5043806,170.69,170.64,35,1,20,35,MONITORAGGIO,PIEZOMETRO,GWB ISS APTA,IT03GWBISSAPTA,,
PO0151080U0002,MI,GORGONZOLA,01/01/2006,532049,5042247,0,134.37,90,1,33.05,46.6,POTABILE,POZZO,GWB ISS APTA,IT03GWBISSAPTA,,"fino al 2018 misure manuali; successiva transizione a misure con sonde automatiche, i cui dati non sono stati inseriti in quanto non validi"
PO015194NU0017,MI,SAN GIORGIO SU LEGNANO,01/05/2014,492931,5045894,191.6,191.65,50,1,28,50,MONITORAGGIO,PIEZOMETRO,GWB ISS APTA,IT03GWBISSAPTA,,
PO0152490U0002,MI,VANZAGHELLO,01/01/2005,482332,5046719,191.913,191.913,60,1,54,58,ALTRO MONITORAGGIO,PIEZOMETRO,GWB ISS APTA,IT03GWBISSAPTA,,"fino al 2018 misure manuali; successiva transizione a misure con sonde automatiche, i cui dati non sono stati inseriti in quanto non validi"
PO108033NU0243,MB,MONZA,01/03/2014,520727,5045937,163.584,163.584,50,1,22.5,49.5,MONITORAGGIO,PIEZOMETRO,GWB ISS APTA,IT03GWBISSAPTA,SI,
PO1080520U0016,MB,CAPONAGO,01/03/2015,528637.8837,5045729.304,155.237,157.507,42,1,40.5,42,POTABILE,PIEZOMETRO,GWB ISS APTA,IT03GWBISSAPTA,,
PO015019NR0001,MI,BERNATE TICINO,01/03/2013,486506,5037842,151.01,151.13,63.5,1,40,54.25,ALTRO MONITORAGGIO,POZZO,GWB ISS APTA,IT03GWBISSAPTA,,
PO015113NUP001,MI,INVERUNO,01/03/2015,489297.5977,5039466.985,158.606,158.826,25,1,9,25,ALTRO MONITORAGGIO,PIEZOMETRO,GWB ISS APTA,IT03GWBISSAPTA,,
PO015146NU1313,MI,MILANO,01/01/2010,519751,5037935,118.845,118.845,19,n.d.,n.d.,n.d.,ALTRO MONITORAGGIO,PIEZOMETRO,GWB ISS APTA,IT03GWBISSAPTA,,
PO015146NU1534,MI,MILANO,01/01/2010,510123,5040197,138.95,138.83,24,n.d.,n.d.,n.d.,ALTRO MONITORAGGIO,PIEZOMETRO,GWB ISS APTA,IT03GWBISSAPTA,,
PO015146NU1536,MI,MILANO,01/03/2012,511864,5036686,125.2,125.2,19,n.d.,n.d.,n.d.,ALTRO MONITORAGGIO,PIEZOMETRO,GWB ISS APTA,IT03GWBISSAPTA,,
PO015146NU1557,MI,MILANO,01/03/2012,514394,5036838,123.76,123.7,30,n.d.,n.d.,n.d.,ALTRO MONITORAGGIO,POZZO,GWB ISS APTA,IT03GWBISSAPTA,,
PO015243NUP001,MI,VITTUONE,01/03/2015,496210.5145,5037318.334,147.213,146.463,50,1,30,50,POTABILE,PIEZOMETRO,GWB ISS APTA,IT03GWBISSAPTA,,"fino al 2018 misure manuali; successiva transizione a misure con sonde automatiche, i cui dati non sono stati inseriti in quanto non validi"
PO015146NU1120,MI,MILANO,01/01/2010,513604,5033914,117.37,117.37,17,n.d.,n.d.,n.d.,ALTRO MONITORAGGIO,PIEZOMETRO,GWB ISS APTA,IT03GWBISSAPTA,,
PO015146NU1353,MI,MILANO,01/03/2012,519795,5033780,108.811,108.811,16,n.d.,n.d.,n.d.,ALTRO MONITORAGGIO,PIEZOMETRO,GWB ISS APTA,IT03GWBISSAPTA,,
PO018162NUP001,PV,TRAVACO' SICCOMARIO,01/03/2015,512843.2754,4999704.742,61.197,60.482,14,n.d.,n.d.,n.d.,POTABILE,PIEZOMETRO,GWB ISS BPPO,IT03GWBISSBPPO,,
PO019071NRA001,CR,PIADENA,01/01/2006,611002,4998742,26.5,26.14,10,1,1,10,IRRIGUO,PIEZOMETRO,GWB ISS BPPO,IT03GWBISSBPPO,,
PO0181140U0002,PV,PIEVE PORTO MORONE,01/01/2006,534746,4995245,55.383,55.383,24,1,12,18,POTABILE,POZZO,GWB ISS BPPO,IT03GWBISSBPPO,,
PO019040NRA001,CR,DEROVERE,01/01/2006,597838,4994940,32.95,32.7,10,1,2,10,IRRIGUO,PIEZOMETRO,GWB ISS BPPO,IT03GWBISSBPPO,,
PO019089NUA001,CR,SAN DANIELE PO,01/05/2014,590532,4991152,33.6,33.6,25,1,13,25,DIDATTICO/SCIENTIFICO,POZZO,GWB ISS BPPO,IT03GWBISSBPPO,,
PO019091NRA001,CR,SAN MARTINO DEL LAGO,01/01/2006,602954,4991122,29.18,28.83,12,1,2,12,IRRIGUO,PIEZOMETRO,GWB ISS BPPO,IT03GWBISSBPPO,,
PO0200030R0002,MN,BAGNOLO SAN VITO,01/10/2005,645227,4994417,17.258,17.258,52.3,n.d.,n.d.,n.d.,IGIENICO,POZZO,GWB ISS BPPO,IT03GWBISSBPPO,SI,
PO020021NRP001,MN,CURTATONE,01/03/2015,633518.3157,4994872.379,20.444,21.694,40,1,34,40,IRRIGUO,POZZO,GWB ISS BPPO,IT03GWBISSBPPO,,
PO0200310R0062,MN,MARCARIA,01/06/2001,627739,4991877,21.824,21.824,8,n.d.,n.d.,n.d.,IRRIGUO,POZZO,GWB ISS BPPO,IT03GWBISSBPPO,,
PO0980110U0001,LO,CASELLE LANDI,01/03/2015,562209.7293,4994623.069,45.233,45.493,62.3,2,32.5,61,POTABILE,POZZO,GWB ISS BPPO,IT03GWBISSBPPO,,
PO098049NR0141,LO,SAN ROCCO AL PORTO,01/05/2014,550976.491,4994237.896,49.723,49.747,12,1,5.2,12,MONITORAGGIO,PIEZOMETRO,GWB ISS BPPO,IT03GWBISSBPPO,,
PO0180470U0001,PV,CERVESINA,01/01/2006,501288,4989873,71.908,71.718,81,2,42,77,POTABILE,POZZO,GWB ISS BPPO,IT03GWBISSBPPO,,
PO019103NRA001,CR,STAGNO LOMBARDO,01/01/2006,583736,4989691,34.83,34.46,12,1,1,12,IRRIGUO,PIEZOMETRO,GWB ISS BPPO,IT03GWBISSBPPO,,
PO019083NRA001,CR,RIVAROLO DEL RE ED UNITI,01/05/2014,616502,4988727,21.39,22,20,1,10,20,ANTINCENDIO,POZZO,GWB ISS BPPO,IT03GWBISSBPPO,si,
PO0200290R0002,MN,MAGNACAVALLO,01/03/2012,668106,4985295,13,13,15,1,13,15,NON DEFINITO,PIEZOMETRO,GWB ISS BPPO,IT03GWBISSBPPO,,
PO0200370R0002,MN,MOTTEGGIANA,01/11/2012,634438,4988250,18,18,13,1,10,13,NON DEFINITO,PIEZOMETRO,GWB ISS BPPO,IT03GWBISSBPPO,SI,
PO0200400R0001,MN,PIEVE DI CORIANO,01/01/2006,664174,4988419,11.817,11.817,51,n.d.,n.d.,n.d.,NON DEFINITO,PIEZOMETRO,GWB ISS BPPO,IT03GWBISSBPPO,SI,HA PRESO NOME BORGO MANTOVANO
PO020061NR0001,MN,SERMIDE,01/01/2006,677797,4988196,10.65,10.65,10,1,9,10,NON DEFINITO,PIEZOMETRO,GWB ISS BPPO,IT03GWBISSBPPO,,
PO020061NUP001,MN,SERMIDE,01/03/2015,680924,4986614,0,11.66,50,1,28,50,MONITORAGGIO,PIEZOMETRO,GWB ISS BPPO,IT03GWBISSBPPO,SI,
PO0200650R0002,MN,SUZZARA,01/12/2005,636024,4984904,19.42,19.42,10,1,9,10,NON DEFINITO,PIEZOMETRO,GWB ISS BPPO,IT03GWBISSBPPO,,
PO020023NUP001,MN,FELONICA,01/03/2015,685844,4983484,0,8.7,50,1,14,50,MONITORAGGIO,PIEZOMETRO,GWB ISS BPPO,IT03GWBISSBPPO,SI,
PO0200270R0053,MN,GONZAGA,01/01/2006,646253,4978449,17.841,17.841,19,n.d.,n.d.,n.d.,NON DEFINITO,POZZO,GWB ISS BPPO,IT03GWBISSBPPO,,
PO0200420R0001,MN,POGGIO RUSCO,01/01/2006,668975,4982250,10.859,10.859,6,n.d.,n.d.,n.d.,IRRIGUO,POZZO,GWB ISS BPPO,IT03GWBISSBPPO,,
PO0161220R0519,BG,ISSO,01/01/2006,556753,5036727,104.8,104.8,35,n.d.,n.d.,n.d.,ZOOTECNICO,POZZO,GWB ISS MPAO,IT03GWBISSMPAO,,
PO019084NRA002,CR,RIVOLTA D'ADDA,01/11/2010,540419,5033590,96.18,95.96,10.5,1,1,10,NON DEFINITO,PIEZOMETRO,GWB ISS MPAO,IT03GWBISSMPAO,SI,
PO019094NU0944,CR,SERGNANO,01/01/2006,554722,5030569,91.1,90.54,46,1,37,42,POTABILE,POZZO,GWB ISS MPAO,IT03GWBISSMPAO,,
PO019035NRA001,CR,CREMA,01/01/2006,552645,5022933,77.81,77.81,10,1,1,10,NON DEFINITO,PIEZOMETRO,GWB ISS MPAO,IT03GWBISSMPAO,SI,
PO098003NR0063,LO,BOFFALORA D'ADDA,01/03/2012,537578,5023179,72.433,72.403,9,1,3,9,PIEZOMETRO,POZZO,GWB ISS MPAO,IT03GWBISSMPAO,,
PO019047NRA001,CR,GENIVOLTA,01/01/2006,568902,5021693,60.78,60.33,18,1,1,15,IRRIGUO,PIEZOMETRO,GWB ISS MPAO,IT03GWBISSMPAO,,
PO098025NR0110,LO,CRESPIATICA,01/05/2014,542967.5282,5021710.343,72.827,72.563,10,1,1,10,MONITORAGGIO,PIEZOMETRO,GWB ISS MPAO,IT03GWBISSMPAO,,
PO019027NRA001,CR,CASTELVISCONTI,01/01/2006,574398,5015772,65.2,64.48,18,1,2,18,IRRIGUO,PIEZOMETRO,GWB ISS MPAO,IT03GWBISSMPAO,,
PO019110NRA001,CR,TRIGOLO,01/01/2006,564922,5019504,70.82,70.16,23,1,2,18,IRRIGUO,PIEZOMETRO,GWB ISS MPAO,IT03GWBISSMPAO,,
PO098024NR0087,LO,CORTE PALASIO,01/05/2014,543946.5236,5018367.411,66.918,66.918,10,1,3,10,MONITORAGGIO,PIEZOMETRO,GWB ISS MPAO,IT03GWBISSMPAO,,
PO019065NRA001,CR,PADERNO PONCHIELLI,01/01/2006,574438,5010588,58.87,58.21,24,1,4,15,IRRIGUO,PIEZOMETRO,GWB ISS MPAO,IT03GWBISSMPAO,,
PO019088NRP001,CR,SAN BASSANO,01/03/2015,563717.978,5010319.591,50.943,51.343,31,1,22,28,IRRIGUO,POZZO,GWB ISS MPAO,IT03GWBISSMPAO,,
PO019033NRA001,CR,CORTE DE' FRATI,01/01/2006,586564,5006546,48.01,47.83,15,1,1.5,15,IRRIGUO,PIEZOMETRO,GWB ISS MPAO,IT03GWBISSMPAO,,
PO019051NRA001,CR,GRUMELLO CREMONESE ED UNITI,01/03/2012,568876,5004743,46.42,46.42,13,n.d.,n.d.,n.d.,IRRIGUO,PIEZOMETRO,GWB ISS MPAO,IT03GWBISSMPAO,,
PO019070NRA001,CR,PESSINA CREMONESE,01/01/2006,599778,5003151,39.44,39.3,12,1,1,12,IRRIGUO,PIEZOMETRO,GWB ISS MPAO,IT03GWBISSMPAO,,
PO019077NRA001,CR,POZZAGLIO ED UNITI,01/01/2006,579839,5008345,53.81,53.07,18,1,4,17,IRRIGUO,PIEZOMETRO,GWB ISS MPAO,IT03GWBISSMPAO,,
PO019036NUA001,CR,CREMONA,01/01/2006,582978,4998541,42.99,43.3,20,1,2,15,NON DEFINITO,PIEZOMETRO,GWB ISS MPAO,IT03GWBISSMPAO,,
PO0200530R0089,MN,ROVERBELLA,01/01/2006,641706,5013584,35.415,35.415,30,n.d.,n.d.,n.d.,ANTINCENDIO,POZZO,GWB ISS MPBM,IT03GWBISSMPBM,,
PO020004NR0001,MN,BIGARELLO,01/02/2010,649416,5004823,26.3,26.3,15,1,5,15,NON DEFINITO,PIEZOMETRO,GWB ISS MPBM,IT03GWBISSMPBM,SI,
PO0200330R0002,MN,MARMIROLO,01/01/2006,639065,5008516,31.883,31.883,38,n.d.,n.d.,n.d.,NON DEFINITO,POZZO,GWB ISS MPBM,IT03GWBISSMPBM,,
PO0200570U0002,MN,SAN GIORGIO DI MANTOVA,01/01/2005,645831,5002540,23.443,23.443,10.5,1,3,9,NON DEFINITO,POZZO,GWB ISS MPBM,IT03GWBISSMPBM,SI,
PO0980200U0003,LO,COMAZZO,01/03/2007,536223,5032262,99.238,98.783,41,1,29,41,POTABILE,POZZO,GWB ISS MPLAN,IT03GWBISSMPLAN,,
PO0152100U0004,MI,SETTALA,01/01/2005,530914,5030976,97.739,97.739,43,4,14,39,INDUSTRIALE,POZZO,GWB ISS MPLAN,IT03GWBISSMPLAN,,
PO0980180U0001,LO,CERVIGNANO D'ADDA,01/01/2006,533273,5024618,86.922,87.162,55,1,41.5,50.5,POTABILE,POZZO,GWB ISS MPLAN,IT03GWBISSMPLAN,,
PO098031NR0333,LO,LODI,01/03/2015,536089.1193,5018845.124,81.233,80.783,75,1,40,52,POTABILE,POZZO,GWB ISS MPLAS,IT03GWBISSMPLAS,,
PO0980320U0002,LO,LODI VECCHIO,01/01/1999,532553,5016525,80.442,80.892,66.5,3,31,61,POTABILE,POZZO,GWB ISS MPLAS,IT03GWBISSMPLAS,,
PO0152020U0025,MI,SAN ZENONE AL LAMBRO,01/03/2015,528291.4058,5018882.33,84.866,84.686,28,1,22,28,POTABILE,PIEZOMETRO,GWB ISS MPLAS,IT03GWBISSMPLAS,,"fino al 2018 misure manuali; successiva transizione a misure con sonde automatiche, i cui dati non sono stati inseriti in quanto non validi"
PO0980600U0001,LO,VILLANOVA DEL SILLARO,01/01/2008,536331,5010155,72.786,71.715,59,1,39,57,POTABILE,POZZO,GWB ISS MPLAS,IT03GWBISSMPLAS,,
PO098002NR0045,LO,BERTONICO,01/09/2003,551597,5007962,65.153,64.753,12,n.d.,n.d.,n.d.,PIEZOMETRO,POZZO,GWB ISS MPLAS,IT03GWBISSMPLAS,,
PO0980100U0007,LO,CASALPUSTERLENGO,01/03/2015,550723.7257,5003634.624,61.881,63.661,39,1,23.25,35.3,POTABILE,POZZO,GWB ISS MPLAS,IT03GWBISSMPLAS,,
PO098052NR0037,LO,SECUGNAGO,01/03/2012,545716,5007808,67.381,67.437,10,1,2,10,MONITORAGGIO BONIFICA,PIEZOMETRO,GWB ISS MPLAS,IT03GWBISSMPLAS,,
PO098026NR0074,LO,FOMBIO,01/01/2003,553822,4999541,58.095,57.91,30,1,10,30,NON DEFINITO,PIEZOMETRO,GWB ISS MPLAS,IT03GWBISSMPLAS,,
PO0980510U0001,LO,SANTO STEFANO LODIGIANO,01/03/2015,558473.9317,4998227.47,51.843,51.013,56.6,1,30.75,53,POTABILE,POZZO,GWB ISS MPLAS,IT03GWBISSMPLAS,,
PO0170600UC013,BS,COMEZZANO - CIZZAGO,01/01/2006,574582,5036376,109.54,108.89,40,1,24,36,POTABILE,POZZO,GWB ISS MPOM,IT03GWBISSMPOM,,
PO017037NRP001,BS,CAPRIANO DEL COLLE,01/03/2015,589891.7347,5032071.706,86.237,85.787,40,1,30,33,ALTRO MONITORAGGIO,PIEZOMETRO,GWB ISS MPOM,IT03GWBISSMPOM,SI,
PO017122NRP001,BS,BARBARIGA,01/03/2015,583839.7803,5027911.328,80.26,80.05,30,1,12,30,IRRIGUO,POZZO,GWB ISS MPOM,IT03GWBISSMPOM,,
PO0170880RC541,BS,LENO,01/01/2006,596024,5022678,62.16,62.16,12,1,3,12,INDUSTRIALE,PIEZOMETRO,GWB ISS MPOM,IT03GWBISSMPOM,SI,
PO0171220R0001,BS,OFFLAGA,01/01/2016,586651,5026537,0,0,33,1,18,24,ZOOTECNICO,POZZO,GWB ISS MPOM,IT03GWBISSMPOM,SI,
PO020034NU0002,MN,MEDOLE,01/05/2014,620111.0677,5022645.645,83.11,83.16,40,1,27,39,NON DEFINITO,PIEZOMETRO,GWB ISS MPOM,IT03GWBISSMPOM,SI,
PO020063NU0002,MN,SOLFERINO,01/05/2014,622268.0218,5023901.63,105.62,105.76,43,1,33,43,NON DEFINITO,PIEZOMETRO,GWB ISS MPOM,IT03GWBISSMPOM,,
PO020018NU0004,MN,CAVRIANA,01/05/2014,625401.9723,5021556.687,76.16,76.34,40,1,27,39,NON DEFINITO,PIEZOMETRO,GWB ISS MPOM,IT03GWBISSMPOM,SI,
PO0170860UC579,BS,ISORELLA,01/01/2006,604118,5018644,55.48,55.78,47,1,42,47,IRRIGUO,POZZO,GWB ISS MPOM,IT03GWBISSMPOM,,
PO0200150R0002,MN,CASTEL GOFFREDO,01/03/2012,612158,5017572,51.5,51.5,6,1,4,6,NON DEFINITO,PIEZOMETRO,GWB ISS MPOM,IT03GWBISSMPOM,SI,
PO0200280R0056,MN,GUIDIZZOLO,01/01/2006,624064,5020093,65.27,65.27,54,1,44,54,NON DEFINITO,POZZO,GWB ISS MPOM,IT03GWBISSMPOM,SI,
PO0200700R0002,MN,VOLTA MANTOVANA,01/03/2012,628665,5019369,57.05,57.05,15,1,13,15,NON DEFINITO,PIEZOMETRO,GWB ISS MPOM,IT03GWBISSMPOM,SI,
PO017073NUP001,BS,GAMBARA,01/03/2015,601119.1923,5012345.56,48.524,48.324,15,1,10,14,IRRIGUO,POZZO,GWB ISS MPOM,IT03GWBISSMPOM,,
PO0170710RC478,BS,FIESSE,01/03/2011,604060,5008231,41.5,40.78,10,1,4,10,INDUSTRIALE,PIEZOMETRO,GWB ISS MPOM,IT03GWBISSMPOM,SI,
PO0200240R0001,MN,GAZOLDO DEGLI IPPOLITI,01/01/2006,624030,5006846,34.614,34.614,15,1,6,12,NON DEFINITO,PIEZOMETRO,GWB ISS MPOM,IT03GWBISSMPOM,,
PO020032NR0001,MN,MARIANA MANTOVANA,01/01/2006,616370,5003316,33.008,33.008,25,1,12,24,NON DEFINITO,PIEZOMETRO,GWB ISS MPOM,IT03GWBISSMPOM,,
PO0200510R0002,MN,RODIGO,01/03/2012,631172,5004964,31,31,17,1,15,17,NON DEFINITO,PIEZOMETRO,GWB ISS MPOM,IT03GWBISSMPOM,,
PO0200210R0045,MN,CURTATONE,01/01/2008,639385,4998578,22.963,22.963,30,n.d.,n.d.,n.d.,ANTINCENDIO,POZZO,GWB ISS MPOM,IT03GWBISSMPOM,,
PO020030NU0004,MN,MANTOVA,01/01/2008,640758,5001180,17.9,17.9,16,1,9,15,NON DEFINITO,PIEZOMETRO,GWB ISS MPOM,IT03GWBISSMPOM,SI,
PO0181150U0006,PV,PINAROLO PO,01/01/2011,512380,4989928,67.287,66.637,19.5,1,10.5,14.5,POTABILE,POZZO,GWB ISS MPOP,IT03GWBISSMPOP,,
PO0181180U0019,PV,PORTALBERA,01/01/2006,524321,4993134,68.079,67.559,17.2,1,10.3,16.3,POTABILE,POZZO,GWB ISS MPOP,IT03GWBISSMPOP,,
PO018032NR0001,PV,CASATISMA,01/01/2006,508567,4988324,75.728,75.728,17,1,15.2,16.4,NON DEFINITO,PIEZOMETRO,GWB ISS MPOP,IT03GWBISSMPOP,,
PO0180490U0003,PV,CIGOGNOLA,01/01/2006,520341,4986376,107.259,107.259,10,1,4.5,9.5,POTABILE,POZZO,GWB ISS MPOP,IT03GWBISSMPOP,,
PO0181550U0001,PV,TORRAZZA COSTE,01/01/2006,505656,4980492,116.616,116.616,33,3,9,29,POTABILE,POZZO,GWB ISS MPOP,IT03GWBISSMPOP,,
PO0180350U0002,PV,CASSOLNOVO,01/05/2014,485404,5022621,117.58,117.36,46.5,1,30.5,40.5,POTABILE,POZZO,GWB ISS MPP,IT03GWBISSMPP,,
PO0180500U0002,PV,CILAVEGNA,01/01/2006,480174,5017487,115.897,115.897,50,1,41,48.8,POTABILE,POZZO,GWB ISS MPP,IT03GWBISSMPP,,
PO0181770U0020,PV,VIGEVANO,01/01/2006,488853,5017022,103.06,102.99,46,1,30,42,POTABILE,POZZO,GWB ISS MPP,IT03GWBISSMPP,,
PO018003NR0009,PV,ALBONESE,01/11/2015,477798,5014771,113.49,113.49,19,1,1,15,MONITORAGGIO,PIEZOMETRO,GWB ISS MPP,IT03GWBISSMPP,,
PO018068NRP001,PV,GAMBOLO',01/01/2006,492857,5011583,100.934,100.934,53.5,1,46,49,NON DEFINITO,PIEZOMETRO,GWB ISS MPP,IT03GWBISSMPP,,
PO018039NRP001,PV,CASTELLO D'AGOGNA,01/03/2015,474622.3907,5007946.95,107.215,108.345,58,1,33.46,51.46,ANTINCENDIO,POZZO,GWB ISS MPP,IT03GWBISSMPP,,
PO0180690U0002,PV,GARLASCO,01/01/2006,494013,5004960,92.741,92.741,57,2,28,51,POTABILE,POZZO,GWB ISS MPP,IT03GWBISSMPP,,
PO018147NUP001,PV,SCALDASOLE,01/03/2015,492497.439,4996514.77,86.584,87.544,60,3,7,50,POTABILE,POZZO,GWB ISS MPP,IT03GWBISSMPP,,
PO018062NRD002,PV,FERRERA ERBOGNONE,01/01/2006,489193,4993809,86.799,86.459,20,1,1,15,NON DEFINITO,POZZO,GWB ISS MPP,IT03GWBISSMPP,,
PO0180880U0001,PV,MEDE,01/01/2006,479549,4993807,92.936,92.936,53,1,30,48,POTABILE,POZZO,GWB ISS MPP,IT03GWBISSMPP,,
PO018146NRP001,PV,SARTIRANA LOMELLINA,01/03/2015,473582.7089,4995758.07,99.039,99.039,50,1,39.5,43.5,POTABILE,POZZO,GWB ISS MPP,IT03GWBISSMPP,,
PO018065NRG001,PV,FRASCAROLO,01/01/2006,476409,4987902,86.66,86.66,10,n.d.,n.d.,n.d.,INDUSTRIALE,PIEZOMETRO,GWB ISS MPP,IT03GWBISSMPP,,
PO0150870U0001,MI,CORNAREDO,01/01/2009,501558,5037847,142.84,142.84,66.7,2,30.7,62.7,POTABILE,POZZO,GWB ISS MPTLN,IT03GWBISSMPTLN,,
PO015146NU1496,MI,MILANO,01/03/2012,506073,5037830,135.68,135.68,15,n.d.,n.d.,n.d.,ALTRO MONITORAGGIO,PIEZOMETRO,GWB ISS MPTLN,IT03GWBISSMPTLN,,
PO015211NUP001,MI,SETTIMO MILANESE,01/03/2015,503699.196,5038340.577,141.431,141.341,54,n.d.,n.d.,n.d.,POTABILE,PIEZOMETRO,GWB ISS MPTLN,IT03GWBISSMPTLN,,"fino al 2018 misure manuali; successiva transizione a misure con sonde automatiche, i cui dati non sono stati inseriti in quanto non validi"
PO015146NU1378,MI,MILANO,01/03/2012,515287,5031505,111.174,111.174,14,n.d.,n.d.,n.d.,ALTRO MONITORAGGIO,PIEZOMETRO,GWB ISS MPTLN,IT03GWBISSMPTLN,,
PO015146NU1379,MI,MILANO,01/01/2010,518770,5029372,103.009,103.009,7,n.d.,n.d.,n.d.,ALTRO MONITORAGGIO,PIEZOMETRO,GWB ISS MPTLN,IT03GWBISSMPTLN,,
PO015146NU1435,MI,MILANO,01/01/2010,509862,5031663,115.102,115.102,9,n.d.,n.d.,n.d.,ALTRO MONITORAGGIO,PIEZOMETRO,GWB ISS MPTLN,IT03GWBISSMPTLN,,
PO015146NU1489,MI,MILANO,01/03/2012,505546,5032794,122.041,122.041,12,n.d.,n.d.,n.d.,ALTRO MONITORAGGIO,PIEZOMETRO,GWB ISS MPTLN,IT03GWBISSMPTLN,,
PO0150020U0005,MI,ABBIATEGRASSO,01/04/2013,493710,5027408,120.75,120.75,73,1,34.44,58,ALTRO MONITORAGGIO,POZZO,GWB ISS MPTLN,IT03GWBISSMPTLN,,
PO015140NR0109,MI,MELEGNANO,01/05/2014,525097,5022171,90.34,90.52,21,1,9,20,MONITORAGGIO,PIEZOMETRO,GWB ISS MPTLN,IT03GWBISSMPTLN,SI,
PO0152350U0001,MI,VERMEZZO,01/01/2005,498593,5026486,115.42,115.42,61.96,2,40.41,59.76,POTABILE,POZZO,GWB ISS MPTLN,IT03GWBISSMPTLN,,"fino al 2018 misure manuali; successiva transizione a misure con sonde automatiche, i cui dati non sono stati inseriti in quanto non validi"
PO015247NR0185,MI,ZIBIDO S. GIACOMO,01/03/2015,505595.6427,5026876.266,110,110,35,3,3,35,MONITORAGGIO,PIEZOMETRO,GWB ISS MPTLN,IT03GWBISSMPTLN,,
PO0150150U0001,MI,BASIGLIO,15/01/2009,512869,5021793,96.789,96.789,42,1,32,40,ALTRO MONITORAGGIO,POZZO,GWB ISS MPTLN,IT03GWBISSMPTLN,,
PO098008NR0025,LO,CASALETTO LODIGIANO,01/03/2015,528720.7753,5016831.303,71.308,71.898,38,1,23,35,INDUSTRIALE,POZZO,GWB ISS MPTLS,IT03GWBISSMPTLS,SI,SONDA AUTOMATICA GUASTA DA MARZO 2020
PO018176NUP001,PV,VIDIGULFO,01/03/2015,518046.1505,5015899.105,88.252,88.252,20,n.d.,n.d.,n.d.,POTABILE,PIEZOMETRO,GWB ISS MPTLS,IT03GWBISSMPTLS,,
PO018014NRP001,PV,BEREGUARDO,01/03/2015,501192.2303,5013351.973,96.11,97.18,47,1,35,41,POTABILE,POZZO,GWB ISS MPTLS,IT03GWBISSMPTLS,,
PO018043NUP001,PV,CERANOVA,01/03/2015,518426.6123,5011543.4,82.743,82.303,15,n.d.,n.d.,n.d.,POTABILE,PIEZOMETRO,GWB ISS MPTLS,IT03GWBISSMPTLS,,
PO018072NUP001,PV,GIUSSAGO,01/03/2015,512563.9021,5011157.222,87.134,87.134,20,n.d.,n.d.,n.d.,POTABILE,PIEZOMETRO,GWB ISS MPTLS,IT03GWBISSMPTLS,,
PO018173NUP001,PV,VELLEZZO BELLINI,01/03/2015,507665.8853,5013301.882,92.877,92.357,15,n.d.,n.d.,n.d.,POTABILE,PIEZOMETRO,GWB ISS MPTLS,IT03GWBISSMPTLS,,
PO018048NRP001,PV,CHIGNOLO PO,01/03/2015,522279.911,5003718.756,74.871,75.341,13,1,10.5,12.5,IRRIGUO,POZZO,GWB ISS MPTLS,IT03GWBISSMPTLS,,
PO0181100U0111,PV,PAVIA,01/05/2014,511138,5006846,83.4,83.05,17,n.d.,n.d.,n.d.,PIEZOMETRO SUPERFICIALE ASSOCIATO A POZZO PROFONDO,PIEZOMETRO,GWB ISS MPTLS,IT03GWBISSMPTLS,,
PO018180NUP001,PV,VILLANTERIO,01/03/2015,528164.265,5007156.563,73.02,73.82,73,1,56,68,POTABILE,POZZO,GWB ISS MPTLS,IT03GWBISSMPTLS,,
PO0180130U0005,PV,BELGIOIOSO,01/01/2006,523764,5000838,74.964,74.964,60,1,25,47,POTABILE,POZZO,GWB ISS MPTLS,IT03GWBISSMPTLS,,
PO0180480U0004,PV,CHIGNOLO PO,01/05/2013,539643,5000554,58.81,57.66,20,2,8,14,POTABILE,POZZO,GWB ISS MPTLS,IT03GWBISSMPTLS,,
PO0180810U0111,PV,LINAROLO,01/05/2014,521130,5000547,74.97,74.45,20,1,10,20,PIEZOMETRO SUPERFICIALE ASSOCIATO A POZZO PROFONDO,PIEZOMETRO,GWB ISS MPTLS,IT03GWBISSMPTLS,,
