gid,id_punto,id_originale,id_ente,tipo_punto,id_acquifero,id_hydros,presenza_strat,stratigrafia_pdf,istat_comune,istat_prov,x_sr1,y_sr1,x_sr2,y_sr2,quota_testa_tubo,nota_coordinate,quota_piano_campagna,fonte_quota_piano_campagna,indirizzo_punto,ente_gestore,proprieta,indirizzo_proprieta,fonte,bacino_idro,note
1,PO0161150U0002,,,PIEZOMETRO,,,,,GORLE,BG,1555778.874176093,5060403.334472175,555750.0,5060383.0,262.955,,262.955,,,,,,PTUA2022,IT03GWBISSAPAO,
2,PO0160240R0296,,,PIEZOMETRO,,,,,BERGAMO,BG,1552423.8007949432,5057977.3025793275,552395.0,5057957.0,232.0,,232.0,,,,,,PTUA2022,IT03GWBISSAPAO,
3,PO016042NU0001,,,POZZO,,,,,BRUSAPORTO,BG,1560043.9427630368,5057541.262692223,560015.0,5057521.0,232.0,,232.0,,,,,,PTUA2022,IT03GWBISSAPAO,
4,PO0160890R0001,,,POZZO,,,,,CURNO,BG,1546247.6871600011,5058675.3414388485,546219.0,5058655.0,201.044,,200.294,,,,,,PTUA2022,IT03GWBISSAPAO,
5,PO0160980R0009,,,PIEZOMETRO,,,,,FILAGO,BG,1541823.5866466966,5054580.282465688,541795.0,5054560.0,202.836,,202.836,,,,,,PTUA2022,IT03GWBISSAPAO,
6,PO016117NU0001,,,PIEZOMETRO,,,,,GRASSOBBIO,BG,1556850.8681689024,5054086.210675137,556822.0,5054066.0,204.898,,204.898,,,,,,PTUA2022,IT03GWBISSAPAO,
7,PO016123NU0001,,,POZZO,,,,,LALLIO,BG,1548664.72672735,5057222.303937904,548636.0,5057202.0,216.8,,216.8,,,,,,PTUA2022,IT03GWBISSAPAO,
8,PO0162130R0002,,,PIEZOMETRO,,,,,TERNO D'ISOLA,BG,1541536.6016429835,5059487.376374917,541508.0,5059467.0,230.29,,230.29,,,,,,PTUA2022,IT03GWBISSAPAO,
9,PO0160280R0003,,,PIEZOMETRO,,,,,BOLGARE,BG,1563298.9862027678,5053209.1673378525,563270.0,5053189.0,192.624,,192.474,,,,,,PTUA2022,IT03GWBISSAPAO,
10,PO0160750U0003,,,PIEZOMETRO,,,,,CISERANO,BG,1548114.6806172095,5048625.143778225,548086.0,5048605.0,159.04,,159.04,,,,,,PTUA2022,IT03GWBISSAPAO,
11,PO0161530R0004,,,PIEZOMETRO,,,,,OSIO SOTTO,BG,1544490.6265074853,5052062.223793292,544462.0,5052042.0,182.635,,181.915,,,,,,PTUA2022,IT03GWBISSAPAO,
12,PO0161570R3380,,,POZZO,,,,,PALOSCO,BG,1564694.9893023644,5047606.055677785,564666.0,5047586.0,149.671,,149.501,,,,,,PTUA2022,IT03GWBISSAPAO,
13,PO0162120R0001,,,POZZO,,,,,TELGATE,BG,1567115.7856256128,5052582.87267052,567086.73,5052562.733,191.0,,190.5,,,,,,PTUA2022,IT03GWBISSAPAO,
14,PO0160760R1284,,,PIEZOMETRO,,,,,CIVIDATE AL PIANO,BG,1565681.9855765393,5042215.949727233,565653.0,5042196.0,131.5,,131.5,,,,,,PTUA2022,IT03GWBISSAPAO,
15,PO0161290R0001,,,POZZO,,,,,LURANO,BG,1550488.7131178658,5045663.077936562,550460.0,5045643.0,142.426,,142.296,,,,,,PTUA2022,IT03GWBISSAPAO,
16,PO0161830R0003,,,POZZO,,,,,ROMANO DI LOMBARDIA,BG,1559088.8586513225,5041617.965778002,559060.0,5041598.0,124.207,,124.207,,,,,,PTUA2022,IT03GWBISSAPAO,
17,PO016219NUP001,,,POZZO,,,,,TREVIGLIO,BG,1546082.232842324,5041379.1732817665,546053.6207,5041359.158,127.309,,126.559,,,,,,PTUA2022,IT03GWBISSAPAO,
18,PO0161770U0001,,,POZZO,,,,,PUMENENGO,BG,1567777.0013740936,5036487.832782517,567748.0,5036468.0,110.197,,110.197,,,,,,PTUA2022,IT03GWBISSAPAO,DATI SONDA AUTOMATICA NON VALIDI
19,PO0170290UB135,,,PIEZOMETRO,,,,,BRESCIA,BS,1591246.4646689186,5041398.8284207275,591217.0,5041379.0,119.62,,119.62,,,,,,PTUA2022,IT03GWBISSAPOM,
20,PO0170400RC511,,,PIEZOMETRO,,,,,CASTEGNATO,BS,1584433.3556992623,5046136.946131558,584404.0,5046117.0,157.22,,157.28,,,,,,PTUA2022,IT03GWBISSAPOM,
21,PO0171660UC529,,,POZZO,,,,,ROVATO,BS,1579401.2627126297,5046612.975959297,579372.0,5046593.0,176.48,,176.48,,,,,,PTUA2022,IT03GWBISSAPOM,
22,PO0170290RC490,,,POZZO,,,,,BRESCIA,BS,1600992.6412225545,5039615.754450522,600963.0,5039596.0,135.48,,135.48,,,,,,PTUA2022,IT03GWBISSAPOM,
23,PO017029NR0001,,,PIEZOMETRO,,,,,BRESCIA,BS,1592000.4683107038,5038837.776910053,591971.0,5038818.0,107.06,,107.06,,,,,,PTUA2022,IT03GWBISSAPOM,
24,PO0170450RC542,,,POZZO,,,,,CASTREZZATO,BS,1578825.2254251656,5040232.857786732,578796.0,5040213.0,129.4,,129.92,,,,,,PTUA2022,IT03GWBISSAPOM,
25,PO0171130RC561,,,PIEZOMETRO,,,,,MONTICHIARI,BS,1605395.6995429571,5033614.622874078,605366.0,5033595.0,118.75,,120.0,,,,,,PTUA2022,IT03GWBISSAPOM,
26,PO017113NRD106,,,POZZO,,,,,MONTICHIARI,BS,1605229.690582789,5032202.596875848,605200.0,5032183.0,111.68,,111.28,,,,,,PTUA2022,IT03GWBISSAPOM,
27,PO0171140UC023,,,POZZO,,,,,MONTIRONE,BS,1596344.5269169088,5033179.652032074,596315.0,5033160.0,98.78,,100.61,,,,,,PTUA2022,IT03GWBISSAPOM,
28,PO0200170R0001,,,PIEZOMETRO,,,,,CASTIGLIONE DELLE STIVIERE,MN,1615397.867170841,5028486.484707705,615368.0,5028467.0,105.253,,105.253,,,,,,PTUA2022,IT03GWBISSAPOM,
29,PO0170340RC481,,,PIEZOMETRO,,,,,CALVISANO,BS,1603527.6409921672,5027970.52392021,603498.0,5027951.0,85.95,,85.8,,,,,,PTUA2022,IT03GWBISSAPOM,
30,PO020017NU0005,,,PIEZOMETRO,,,,,CASTIGLIONE DELLE STIVIERE,MN,1618088.0004655423,5027982.00008654,618058.0846,5027962.536,112.83,,112.69,,,,,,PTUA2022,IT03GWBISSAPOM,
31,PO0170340RC483,,,PIEZOMETRO,,,,,CALVISANO,BS,1604598.6484461054,5024877.461039397,604569.0,5024858.0,75.97,,75.64,,,,,,PTUA2022,IT03GWBISSAPOM,
32,PO0130230U0003,,,POZZO,,,,,BINAGO,CO,1492832.7260935528,5069906.776429053,492805.0,5069886.0,372.084,,373.384,,,,,,PTUA2022,IT03GWBISSAPTA,
33,PO012002NU0008,,,POZZO,,,,,ALBIZZATE,VA,1485029.5597070209,5065335.722718637,485002.0,5065315.0,313.8,,315.12,,,,,,PTUA2022,IT03GWBISSAPTA,Gestore spegne pozzo al massimo per 30'
34,PO012136NUZ001,,,PIEZOMETRO,,,,,VENEGONO INFERIORE,VA,1493257.711120413,5064410.670803612,493230.0,5064390.0,315.709,,316.009,,,,,,PTUA2022,IT03GWBISSAPTA,
35,PO0130280U0009,,,POZZO,,,,,BREGNANO,CO,1503977.9030955725,5061937.579256373,503950.0,5061917.0,281.548,,283.013,,,,,,PTUA2022,IT03GWBISSAPTA,
36,PO013029NU0003,,,POZZO,,,,,BRENNA,CO,1514945.1204056225,5064415.5802845415,514917.0,5064395.0,340.871,,342.371,,,,,,PTUA2022,IT03GWBISSAPTA,
37,PO0130460U0001,,,POZZO,,,,,CARIMATE,CO,1508169.982413179,5061986.562672012,508142.0,5061966.0,250.348,,253.598,,,,,,PTUA2022,IT03GWBISSAPTA,
38,PO013064NU0002,,,POZZO,,,,,CERMENATE,CO,1506455.948149038,5061527.561157155,506428.0,5061507.0,301.932,,304.572,,,,,,PTUA2022,IT03GWBISSAPTA,
39,PO0131330U0009,,,POZZO,,,,,LOMAZZO,CO,1502044.8649180331,5061531.579661297,502017.0,5061511.0,303.805,,306.115,,,,,,PTUA2022,IT03GWBISSAPTA,
40,PO013143NUP001,,,POZZO,,,,,MARIANO COMENSE,CO,1513138.5275120642,5061587.5873906,513110.453,5061567.053,284.119,,285.209,,,,,,PTUA2022,IT03GWBISSAPTA,
41,PO0970200U0002,,,POZZO,,,,,CERNUSCO LOMBARDONE,LC,1531047.4074539116,5060385.437006663,531019.0,5060365.0,254.711,,256.57,,,,,,PTUA2022,IT03GWBISSAPTA,
42,PO0970480U0001,,,POZZO,,,,,MERATE,LC,1531017.4106948234,5061299.4544006875,530989.0,5061279.0,264.704,,266.704,,,,,,PTUA2022,IT03GWBISSAPTA,
43,PO0120500RZ001,,,PIEZOMETRO,,,,,CISLAGO,VA,1495407.7117266874,5054852.481179372,495380.0,5054832.0,207.042,,207.752,,,,,,PTUA2022,IT03GWBISSAPTA,
44,PO012070NU1007,,,POZZO,,,,,GALLARATE,VA,1482418.4731058753,5056423.565223384,482391.0,5056403.0,252.806,,254.856,,,,,,PTUA2022,IT03GWBISSAPTA,Gestore spegne pozzo al massimo per 30'
45,PO0120790RZ001,,,PIEZOMETRO,,,,,GORLA MINORE,VA,1494784.6983481552,5054465.476469731,494757.0,5054445.0,241.321,,241.521,,,,,,PTUA2022,IT03GWBISSAPTA,
46,PO012123NUP001,,,POZZO,,,,,SOMMA LOMBARDO,VA,1477422.8008025815,5053965.454684141,477395.4323,5053944.915,228.186,,231.736,,,,,,PTUA2022,IT03GWBISSAPTA,Gestore spegne pozzo al massimo per 30'
47,PO0131310U0001,,,POZZO,,,,,LOCATE VARESINO,CO,1494622.717086032,5059677.575652668,494595.0,5059657.0,272.942,,273.982,,,,,,PTUA2022,IT03GWBISSAPTA,
48,PO0131590U0001,,,POZZO,,,,,MOZZATE,CO,1495984.7380179458,5058535.548374813,495957.0,5058515.0,260.0,,261.965,,,,,,PTUA2022,IT03GWBISSAPTA,
49,PO0970200U0003,,,POZZO,,,,,CERNUSCO LOMBARDONE,LC,1530518.3938226153,5059509.422658713,530490.0,5059489.0,246.905,,248.915,,,,,,PTUA2022,IT03GWBISSAPTA,
50,PO0970610U0015,,,POZZO,,,,,OSNAGO,LC,1529888.37549408,5057963.396071313,529860.0,5057943.0,238.515,,238.095,,,,,,PTUA2022,IT03GWBISSAPTA,
51,PO1080390U0026,,,POZZO,,,,,SEREGNO,MB,1516770.3988977452,5056445.040061543,516742.2773,5056424.618,230.749,,233.749,,,,,,PTUA2022,IT03GWBISSAPTA,
52,PO012026NU3021,,,POZZO ATTREZZATO CON PIEZOMETRO,,,,,BUSTO ARSIZIO,VA,1486410.5144246973,5048290.394773715,486383.0,5048270.0,201.672,,204.682,,,,,,PTUA2022-OLONA,IT03GWBISSAPTA,Gestore spegne pozzo al massimo per 30'-via Marco Polo
53,PO0120750R2020,,,POZZO,,,,,GERENZANO,VA,1498270.756148659,5052550.425700276,498243.0,5052530.0,220.926,,220.626,,,,,,PTUA2022,IT03GWBISSAPTA,
54,PO012090NU2009,,,POZZO,,,,,LONATE POZZOLO,VA,1477650.3568040626,5050147.466557265,477623.0,5050127.0,208.446,,207.946,,,,,,PTUA2022,IT03GWBISSAPTA,Gestore spegne pozzo al massimo per 30'
55,PO0121180U0005,,,POZZO,,,,,SAMARATE,VA,1481069.4329150806,5052907.504412185,481042.0,5052887.0,223.767,,226.067,,,,,,PTUA2022,IT03GWBISSAPTA,Gestore spegne pozzo al massimo per 30'
56,PO0121300RZ001,,,PIEZOMETRO,,,,,UBOLDO,VA,1497841.734181879,5049232.364775263,497814.0,5049212.0,203.65,,204.2,,,,,,PTUA2022,IT03GWBISSAPTA,
57,PO0151810U0001,,0151810001,POZZO,,,,,RESCALDINA,MI,1496137.7111500246,5051418.413219467,496110.0,5051398.0,222.44,,222.54,,,,,,PTUA2022-PTUA2003-OLONA,IT03GWBISSAPTA,"via Melzi-Comune I-via Melzi Comune, 1"
58,PO015219NU0009,,,PIEZOMETRO,,,,,TREZZANO ROSA,MI,1537547.529402046,5047791.339963012,537519.0517,5047771.168,168.999,,170.379,,,,,,PTUA2022,IT03GWBISSAPTA,"fino al 2018 misure manuali; successiva transizione a misure con sonde automatiche, i cui dati non sono stati inseriti in quanto non validi"
59,PO0152210U0001,,0152210001,POZZO,,,,,TREZZO SULL'ADDA,MI,1540539.5478848612,5051087.221801276,540511.0,5051067.0,150.393,,150.393,,,,,,PTUA2022-PTUA2003,IT03GWBISSAPTA,"fino al 2018 misure manuali; successiva transizione a misure con sonde automatiche, i cui dati non sono stati inseriti in quanto non validi-via Visconti"
60,PO108023NU0003,,0151000003,POZZO,,,,,DESIO,MB,1516289.0937237684,5051940.338937407,516261.0,5051920.0,199.167,,199.167,,,,,,PTUA2022-PTUA2003,IT03GWBISSAPTA,via Torricelli
61,PO1080310U0001,,0151390001,POZZO,,,,,MEZZAGO,MB,1534740.4461936112,5052951.281157856,534712.0,5052931.0,220.664,,220.664,,,,,,PTUA2022-PTUA2003,IT03GWBISSAPTA,via Unione
62,PO108033NR0142,,01080330142,POZZO,,,,,MONZA,MB,1522649.211534448,5051403.302268722,522621.0,5051383.0,178.79,,178.79,,,,,,PTUA2022,IT03GWBISSAPTA,
63,PO1080350U0024,,,POZZO,,,,,NOVA MILANESE,MB,1515000.0564774242,5048844.285797771,514972.0,5048824.0,174.02,,176.6,,,,,,PTUA2022,IT03GWBISSAPTA,
64,PO1080210U0002,,01080210002,POZZO,,,,,CONCOREZZO,MB,1525404.246761604,5047377.214695325,525376.0,5047357.0,162.45,,162.45,,,,,,PTUA2022,IT03GWBISSAPTA,
65,PO0152060U0004,,0152060004,POZZO,,,,,SENAGO,MI,1510321.9615477796,5047258.275337897,510294.0,5047238.0,169.78,,169.78,,,,,,PTUA2022-PTUA2003,IT03GWBISSAPTA,"fino al 2018 misure manuali; successiva transizione a misure con sonde automatiche, i cui dati non sono stati inseriti in quanto non validi-v. Adda"
66,PO015041NR0075,,,PIEZOMETRO,,,,,BUSTO GAROLFO,MI,1491364.5817953586,5042034.255773185,491337.0,5042014.0,171.64,,172.01,,,,,,PTUA2022,IT03GWBISSAPTA,
67,PO015051NR0012,,0150510012,POZZO,,,,,CARUGATE,MI,1526120.2513376859,5045231.171149688,526092.0,5045211.0,153.0,,153.0,,,,,,PTUA2022,IT03GWBISSAPTA,
68,PO015060NU0070,,0150600070,PIEZOMETRO,,,,,CASSINA DE' PECCHI,MI,1528583.2818595765,5041395.088380004,528555.0,5041375.0,134.13,,134.13,,,,,,PTUA2022,IT03GWBISSAPTA,
69,PO015062NR0071,,,PIEZOMETRO,,,,,CASTANO PRIMO,MI,1479279.3610876652,5043826.340227862,479252.0,5043806.0,170.69,,170.64,,,,,,PTUA2022,IT03GWBISSAPTA,
70,PO0151080U0002,,0151080002,POZZO,,,,,GORGONZOLA,MI,1532077.3514537967,5042267.090316026,532049.0,5042247.0,134.37,,134.37,,,,,,PTUA2022-PTUA2003,IT03GWBISSAPTA,"fino al 2018 misure manuali; successiva transizione a misure con sonde automatiche, i cui dati non sono stati inseriti in quanto non validi-v. Manzoni"
71,PO015194NU0017,,,PIEZOMETRO,,,,,SAN GIORGIO SU LEGNANO,MI,1492958.628118644,5045914.322464266,492931.0,5045894.0,191.6,,191.65,,,,,,PTUA2022,IT03GWBISSAPTA,
72,PO0152490U0002,,0152490004,PIEZOMETRO,,,,,VANZAGHELLO,MI,1482359.431444077,5046739.382407389,482332.0,5046719.0,191.913,,191.913,,,,,,PTUA2022-PTUA2003,IT03GWBISSAPTA,"fino al 2018 misure manuali; successiva transizione a misure con sonde automatiche, i cui dati non sono stati inseriti in quanto non validi-C.La Fogna"
73,PO108033NU0243,,,PIEZOMETRO,,,,,MONZA,MB,1520755.1530815682,5045957.207229703,520727.0,5045937.0,163.584,,163.584,,,,,,PTUA2022,IT03GWBISSAPTA,
74,PO1080520U0016,,,PIEZOMETRO,,,,,CAPONAGO,MB,1528666.1852571082,5045749.474341997,528637.8837,5045729.304,155.237,,157.507,,,,,,PTUA2022,IT03GWBISSAPTA,
75,PO015019NR0001,,0150190001,POZZO,,,,,BERNATE TICINO,MI,1486533.4731135366,5037862.197093046,486506.0,5037842.0,151.01,,151.13,,,,,,PTUA2022-PTUA2003,IT03GWBISSAPTA,v.Pellico-Casate
76,PO015113NUP001,,,PIEZOMETRO,,,,,INVERUNO,MI,1489325.1303311165,5039487.201143059,489297.5977,5039466.985,158.606,,158.826,,,,,,PTUA2022,IT03GWBISSAPTA,
77,PO015146NU1313,,0151461313,PIEZOMETRO,,,,,MILANO,MI,1519779.1013012426,5037955.060026264,519751.0,5037935.0,118.845,,118.845,,,,,,PTUA2022-Idroscalo2005-FOG,IT03GWBISSAPTA,PARCO LAMBRO V.LE VAN GOGH 10 (MAGAZZINO PIANTAGIONI)
78,PO015146NU1534,,0151461534,PIEZOMETRO,,,,,MILANO,MI,1510150.9289366724,5040217.142944911,510123.0,5040197.0,138.95,,138.83,,,,,,PTUA2022-FOG,IT03GWBISSAPTA,VIA CARBONIA - MARCIAPIEDE DI FRONTE AL N. 5
79,PO015146NU1536,,0151461536,PIEZOMETRO,,,,,MILANO,MI,1511891.9471635944,5036706.0692987535,511864.0,5036686.0,125.2,,125.2,,,,,,PTUA2022-FOG,IT03GWBISSAPTA,VIA GATTAMELATA 35
80,PO015146NU1557,,0151461557,POZZO,,,,,MILANO,MI,1514421.9955728077,5036858.061620062,514394.0,5036838.0,123.76,,123.7,,,,,,PTUA2022-Idroscalo2005-FOG,IT03GWBISSAPTA,SCUOLA VIA D'AZEGLIO
81,PO015243NUP001,,,PIEZOMETRO,,,,,VITTUONE,MI,1496238.1686976824,5037338.480613128,496210.5145,5037318.334,147.213,,146.463,,,,,,PTUA2022,IT03GWBISSAPTA,"fino al 2018 misure manuali; successiva transizione a misure con sonde automatiche, i cui dati non sono stati inseriti in quanto non validi"
82,PO015146NU1120,,0151461120,PIEZOMETRO,,,,,MILANO,MI,1513631.9684603643,5033934.00962737,513604.0,5033914.0,117.37,,117.37,,,,,,PTUA2022-FOG,IT03GWBISSAPTA,SCUOLA DI VIA ARIBERTO 12-14
83,PO015146NU1353,,0151462122,PIEZOMETRO,,,,,MILANO,MI,1519823.0848155895,5033799.981283346,519795.0,5033780.0,108.811,,108.811,,,,,,PTUA2022-Idroscalo2005-FOG,IT03GWBISSAPTA,SCUOLA VIA MONLUE' 65 (FOG)
84,PO018162NUP001,,,PIEZOMETRO,,,,,TRAVACO' SICCOMARIO,PV,1512871.086883863,4999724.10765171,512843.2754,4999704.742,61.197,,60.482,,,,,,PTUA2022,IT03GWBISSBPPO,
85,PO019071NRA001,,,PIEZOMETRO,,,,,PIADENA,CR,1611031.6622566471,4998760.940727463,611002.0,4998742.0,26.5,,26.14,,,,,,PTUA2022,IT03GWBISSBPPO,
86,PO0181140U0002,,,POZZO,,,,,PIEVE PORTO MORONE,PV,1534774.206914202,4995264.190103038,534746.0,4995245.0,55.383,,55.383,,,,,,PTUA2022,IT03GWBISSBPPO,
87,PO019040NRA001,,,PIEZOMETRO,,,,,DEROVERE,CR,1597867.3979034943,4994958.9230849845,597838.0,4994940.0,32.95,,32.7,,,,,,PTUA2022,IT03GWBISSBPPO,
88,PO019089NUA001,,,POZZO,,,,,SAN DANIELE PO,CR,1590561.2442309218,4991170.8815745,590532.0,4991152.0,33.6,,33.6,,,,,,PTUA2022,IT03GWBISSBPPO,
89,PO019091NRA001,,,PIEZOMETRO,,,,,SAN MARTINO DEL LAGO,CR,1602983.4788189682,4991140.82975806,602954.0,4991122.0,29.18,,28.83,,,,,,PTUA2022,IT03GWBISSBPPO,
90,PO0200030R0002,,,POZZO,,,,,BAGNOLO SAN VITO,MN,1645257.2909067557,4994435.718214666,645227.0,4994417.0,17.258,,17.258,,,,,,PTUA2022,IT03GWBISSBPPO,
91,PO020021NRP001,,,POZZO,,,,,CURTATONE,MN,1633548.387336152,4994891.153902057,633518.3157,4994872.379,20.444,,21.694,,,,,,PTUA2022,IT03GWBISSBPPO,
92,PO0200310R0062,,,POZZO,,,,,MARCARIA,MN,1627768.9501641039,4991895.74200317,627739.0,4991877.0,21.824,,21.824,,,,,,PTUA2022,IT03GWBISSBPPO,
93,PO0980110U0001,,0980110001,POZZO,,,,,CASELLE LANDI,LO,1562238.4526833305,4994642.133380769,562209.7293,4994623.069,45.233,,45.493,,,,,,PTUA2022-PTUA2003-CAP,IT03GWBISSBPPO,via Roma I-via Roma I                                                                                                                                                                                                                                                    
94,PO098049NR0141,,,PIEZOMETRO,,,,,SAN ROCCO AL PORTO,LO,1551005.0004935428,4994256.999656888,550976.491,4994237.896,49.723,,49.747,,,,,,PTUA2022,IT03GWBISSBPPO,
95,PO0180470U0001,,,POZZO,,,,,CERVESINA,PV,1501315.5520485155,4989892.2277227985,501288.0,4989873.0,71.908,,71.718,,,,,,PTUA2022,IT03GWBISSBPPO,
96,PO019103NRA001,,,PIEZOMETRO,,,,,STAGNO LOMBARDO,CR,1583765.1097768717,4989709.881999529,583736.0,4989691.0,34.83,,34.46,,,,,,PTUA2022,IT03GWBISSBPPO,
97,PO019083NRA001,,,POZZO,,,,,RIVAROLO DEL RE ED UNITI,CR,1616531.724925252,4988745.728641675,616502.0,4988727.0,21.39,,22.0,,,,,,PTUA2022,IT03GWBISSBPPO,
98,PO0200290R0002,,,PIEZOMETRO,,,,,MAGNACAVALLO,MN,1668136.6856456017,4985313.451976474,668106.0,4985295.0,13.0,,13.0,,,,,,PTUA2022,IT03GWBISSBPPO,
99,PO0200370R0002,,,PIEZOMETRO,,,,,MOTTEGGIANA,MN,1634468.0618098443,4988268.645872901,634438.0,4988250.0,18.0,,18.0,,,,,,PTUA2022,IT03GWBISSBPPO,
100,PO0200400R0001,,,PIEZOMETRO,,,,,PIEVE DI CORIANO,MN,1664204.6241645552,4988437.527142692,664174.0,4988419.0,11.817,,11.817,,,,,,PTUA2022,IT03GWBISSBPPO,HA PRESO NOME BORGO MANTOVANO
101,PO020061NR0001,,,PIEZOMETRO,,,,,SERMIDE,MN,1677827.8805201119,4988214.46720715,677797.0,4988196.0,10.65,,10.65,,,,,,PTUA2022,IT03GWBISSBPPO,
102,PO020061NUP001,,,PIEZOMETRO,,,,,SERMIDE,MN,1680954.9331079384,4986632.4245180655,680924.0,4986614.0,11.66,,11.66,,,,,,PTUA2022,IT03GWBISSBPPO,
103,PO0200650R0002,,,PIEZOMETRO,,,,,SUZZARA,MN,1636054.0780340054,4984922.576068286,636024.0,4984904.0,19.42,,19.42,,,,,,PTUA2022,IT03GWBISSBPPO,
104,PO020023NUP001,,,PIEZOMETRO,,,,,FELONICA,MN,1685875.0132409488,4983502.345243327,685844.0,4983484.0,8.7,,8.7,,,,,,PTUA2022,IT03GWBISSBPPO,
105,PO0200270R0053,,,POZZO,,,,,GONZAGA,MN,1646283.244809766,4978467.411988356,646253.0,4978449.0,17.841,,17.841,,,,,,PTUA2022,IT03GWBISSBPPO,
106,PO0200420R0001,,,POZZO,,,,,POGGIO RUSCO,MN,1669005.689607178,4982268.39083634,668975.0,4982250.0,10.859,,10.859,,,,,,PTUA2022,IT03GWBISSBPPO,
107,PO0161220R0519,,,POZZO,,,,,ISSO,BG,1556781.7948873052,5036746.883286177,556753.0,5036727.0,104.8,,104.8,,,,,,PTUA2022,IT03GWBISSMPAO,
108,PO019084NRA002,,,PIEZOMETRO,,,,,RIVOLTA D'ADDA,CR,1540447.4734684008,5033609.891839509,540419.0,5033590.0,96.18,,95.96,,,,,,PTUA2022,IT03GWBISSMPAO,
109,PO019094NU0944,,,POZZO,,,,,SERGNANO,CR,1554750.7309845223,5030588.775305808,554722.0,5030569.0,91.1,,90.54,,,,,,PTUA2022,IT03GWBISSMPAO,
110,PO019035NRA001,,,PIEZOMETRO,,,,,CREMA,CR,1552673.6600710396,5022952.639549043,552645.0,5022933.0,77.81,,77.81,,,,,,PTUA2022,IT03GWBISSMPAO,
111,PO098003NR0063,,,POZZO,,,,,BOFFALORA D'ADDA,LO,1537606.3765327837,5023198.70679487,537578.0,5023179.0,72.433,,72.403,,,,,,PTUA2022,IT03GWBISSMPAO,
112,PO019047NRA001,,,PIEZOMETRO,,,,,GENIVOLTA,CR,1568930.9619383365,5021712.54868568,568902.0,5021693.0,60.78,,60.33,,,,,,PTUA2022,IT03GWBISSMPAO,
113,PO098025NR0110,,,PIEZOMETRO,,,,,CRESPIATICA,LO,1542996.000421758,5021729.9996187,542967.5282,5021710.343,72.827,,72.563,,,,,,PTUA2022,IT03GWBISSMPAO,
114,PO019027NRA001,,,PIEZOMETRO,,,,,CASTELVISCONTI,CR,1574427.0412127748,5015791.413964111,574398.0,5015772.0,65.2,,64.48,,,,,,PTUA2022,IT03GWBISSMPAO,
115,PO019110NRA001,,,PIEZOMETRO,,,,,TRIGOLO,CR,1564950.8777073235,5019523.523786675,564922.0,5019504.0,70.82,,70.16,,,,,,PTUA2022,IT03GWBISSMPAO,
116,PO098024NR0087,,,PIEZOMETRO,,,,,CORTE PALASIO,LO,1543975.000424995,5018387.00032936,543946.5236,5018367.411,66.918,,66.918,,,,,,PTUA2022,IT03GWBISSMPAO,
117,PO019065NRA001,,,PIEZOMETRO,,,,,PADERNO PONCHIELLI,CR,1574467.0205130882,5010607.315761726,574438.0,5010588.0,58.87,,58.21,,,,,,PTUA2022,IT03GWBISSMPAO,
118,PO019088NRP001,,,POZZO,,,,,SAN BASSANO,CR,1563746.794907706,5010338.946081628,563717.978,5010319.591,50.943,,51.343,,,,,,PTUA2022,IT03GWBISSMPAO,
119,PO019033NRA001,,,PIEZOMETRO,,,,,CORTE DE' FRATI,CR,1586593.2328430868,5006565.189165262,586564.0,5006546.0,48.01,,47.83,,,,,,PTUA2022,IT03GWBISSMPAO,
120,PO019051NRA001,,,PIEZOMETRO,,,,,GRUMELLO CREMONESE ED UNITI,CR,1568904.8912508553,5004762.228232435,568876.0,5004743.0,46.42,,46.42,,,,,,PTUA2022,IT03GWBISSMPAO,
121,PO019070NRA001,,,PIEZOMETRO,,,,,PESSINA CREMONESE,CR,1599807.4684224208,5003170.070391338,599778.0,5003151.0,39.44,,39.3,,,,,,PTUA2022,IT03GWBISSMPAO,
122,PO019077NRA001,,,PIEZOMETRO,,,,,POZZAGLIO ED UNITI,CR,1579868.1132519818,5008364.250993458,579839.0,5008345.0,53.81,,53.07,,,,,,PTUA2022,IT03GWBISSMPAO,
123,PO019036NUA001,,,PIEZOMETRO,,,,,CREMONA,CR,1583007.132020779,4998560.052569852,582978.0,4998541.0,42.99,,43.3,,,,,,PTUA2022,IT03GWBISSMPAO,
124,PO0200530R0089,,,POZZO,,,,,ROVERBELLA,MN,1641736.3030943386,5013603.095036847,641706.0,5013584.0,35.415,,35.415,,,,,,PTUA2022,IT03GWBISSMPBM,
125,PO020004NR0001,,,PIEZOMETRO,,,,,BIGARELLO,MN,1649446.412693207,5004841.897775977,649416.0,5004823.0,26.3,,26.3,,,,,,PTUA2022,IT03GWBISSMPBM,
126,PO0200330R0002,,,POZZO,,,,,MARMIROLO,MN,1639095.2324208051,5008535.010086813,639065.0,5008516.0,31.883,,31.883,,,,,,PTUA2022,IT03GWBISSMPBM,
127,PO0200570U0002,,,POZZO,,,,,SAN GIORGIO DI MANTOVA,MN,1645861.3356381422,5002558.869326543,645831.0,5002540.0,23.443,,23.443,,,,,,PTUA2022,IT03GWBISSMPBM,
128,PO0980200U0003,,0980200003,POZZO,,,,,COMAZZO,LO,1536251.3887152544,5032281.884181909,536223.0,5032262.0,99.238,,98.783,,,,,,PTUA2022-CAP,IT03GWBISSMPLAN,Serbatoio                                                                                                                                                                                                                                                     
129,PO0152100U0004,,0152100004,POZZO,,,,,SETTALA,MI,1530942.2831116319,5030995.881956501,530914.0,5030976.0,97.739,,97.739,,,,,,PTUA2022-PTUA2003-CAP,IT03GWBISSMPLAN,depuratore-depuratore                                                                                                                                                                                                                                                    
130,PO0980180U0001,,0980180001,POZZO,,,,,CERVIGNANO D'ADDA,LO,1533301.3012083375,5024637.751912687,533273.0,5024618.0,86.922,,87.162,,,,,,PTUA2022-PTUA2003-CAP,IT03GWBISSMPLAN,p.za Caduti-Piazza Caduti                                                                                                                                                                                                                                                 
131,PO098031NR0333,,,POZZO,,,,,LODI,LO,1536117.4496912863,5018864.755021515,536089.1193,5018845.124,81.233,,80.783,,,,,,PTUA2022,IT03GWBISSMPLAS,
132,PO0980320U0002,,0980320002,POZZO,,,,,LODI VECCHIO,LO,1532581.2539450098,5016544.601843837,532553.0,5016525.0,80.442,,80.892,,,,,,PTUA2022-PTUA2003-CAP,IT03GWBISSMPLAS,via Cabrini-serb.-                                                                                                                                                                                                                                                              
133,PO0152020U0025,,,PIEZOMETRO,,,,,SAN ZENONE AL LAMBRO,MI,1528319.589048193,5018901.994163287,528291.4058,5018882.33,84.866,,84.686,,,,,,PTUA2022,IT03GWBISSMPLAS,"fino al 2018 misure manuali; successiva transizione a misure con sonde automatiche, i cui dati non sono stati inseriti in quanto non validi"
134,PO0980600U0001,,,POZZO,,,,,VILLANOVA DEL SILLARO,LO,1536359.2988339257,5010174.465636141,536331.0,5010155.0,72.786,,71.715,,,,,,PTUA2022,IT03GWBISSMPLAS,
135,PO098002NR0045,,,POZZO,,,,,BERTONICO,LO,1551625.5781500272,5007981.360748141,551597.0,5007962.0,65.153,,64.753,,,,,,PTUA2022,IT03GWBISSMPLAS,
136,PO0980100U0007,,0980100003,POZZO,,,,,CASALPUSTERLENGO,LO,1550752.2693965083,5003653.906505918,550723.7257,5003634.624,61.881,,63.661,,,,,,PTUA2022-PTUA2003-CAP,IT03GWBISSMPLAS,via Cadorna-via Cadorna                                                                                                                                                                                                                                                   
137,PO098052NR0037,,,PIEZOMETRO,,,,,SECUGNAGO,LO,1545744.4664001598,5007827.38224562,545716.0,5007808.0,67.381,,67.437,,,,,,PTUA2022,IT03GWBISSMPLAS,
138,PO098026NR0074,,,PIEZOMETRO,,,,,FOMBIO,LO,1553850.5852609833,4999560.1922019925,553822.0,4999541.0,58.095,,57.91,,,,,,PTUA2022,IT03GWBISSMPLAS,
139,PO0980510U0001,,,POZZO,,,,,SANTO STEFANO LODIGIANO,LO,1558502.5994211368,4998246.618061688,558473.9317,4998227.47,51.843,,51.013,,,,,,PTUA2022,IT03GWBISSMPLAS,
140,PO0170600UC013,,,POZZO,,,,,COMEZZANO - CIZZAGO,BS,1574611.1299963263,5036395.8027241,574582.0,5036376.0,109.54,,108.89,,,,,,PTUA2022,IT03GWBISSMPOM,
141,PO017037NRP001,,,PIEZOMETRO,,,,,CAPRIANO DEL COLLE,BS,1589921.1358766486,5032091.364012855,589891.7347,5032071.706,86.237,,85.787,,,,,,PTUA2022,IT03GWBISSMPOM,
142,PO017122NRP001,,,POZZO,,,,,BARBARIGA,BS,1583869.0500262617,5027930.932404634,583839.7803,5027911.328,80.26,,80.05,,,,,,PTUA2022,IT03GWBISSMPOM,
143,PO0170880RC541,,,PIEZOMETRO,,,,,LENO,BS,1596053.4781283564,5022697.455110946,596024.0,5022678.0,62.16,,62.16,,,,,,PTUA2022,IT03GWBISSMPOM,
144,PO020034NU0002,,,PIEZOMETRO,,,,,MEDOLE,MN,1620141.0004145997,5022665.000142793,620111.0677,5022645.645,83.11,,83.16,,,,,,PTUA2022,IT03GWBISSMPOM,
145,PO020063NU0002,,,PIEZOMETRO,,,,,SOLFERINO,MN,1622298.0004013444,5023920.999996506,622268.0218,5023901.63,105.62,,105.76,,,,,,PTUA2022,IT03GWBISSMPOM,
146,PO020018NU0004,,,PIEZOMETRO,,,,,CAVRIANA,MN,1625432.000404025,5021575.999773372,625401.9723,5021556.687,76.16,,76.34,,,,,,PTUA2022,IT03GWBISSMPOM,
147,PO0170860UC579,,,POZZO,,,,,ISORELLA,BS,1604147.614294527,5018663.345436645,604118.0,5018644.0,55.48,,55.78,,,,,,PTUA2022,IT03GWBISSMPOM,
148,PO0200150R0002,,,PIEZOMETRO,,,,,CASTEL GOFFREDO,MN,1612187.7616720207,5017591.292012707,612158.0,5017572.0,51.5,,51.5,,,,,,PTUA2022,IT03GWBISSMPOM,
149,PO0200280R0056,,,POZZO,,,,,GUIDIZZOLO,MN,1624093.9968231963,5020112.290617189,624064.0,5020093.0,65.27,,65.27,,,,,,PTUA2022,IT03GWBISSMPOM,
150,PO0200700R0002,,,PIEZOMETRO,,,,,VOLTA MANTOVANA,MN,1628695.0806964936,5019388.257995488,628665.0,5019369.0,57.05,,57.05,,,,,,PTUA2022,IT03GWBISSMPOM,
151,PO017073NUP001,,,POZZO,,,,,GAMBARA,BS,1601148.7239850755,5012364.798730324,601119.1923,5012345.56,48.524,,48.324,,,,,,PTUA2022,IT03GWBISSMPOM,
152,PO0170710RC478,,,PIEZOMETRO,,,,,FIESSE,BS,1604089.5702496695,5008250.1487958,604060.0,5008231.0,41.5,,40.78,,,,,,PTUA2022,IT03GWBISSMPOM,
153,PO0200240R0001,,,PIEZOMETRO,,,,,GAZOLDO DEGLI IPPOLITI,MN,1624059.9416679186,5006865.040333508,624030.0,5006846.0,34.614,,34.614,,,,,,PTUA2022,IT03GWBISSMPOM,
154,PO020032NR0001,,,PIEZOMETRO,,,,,MARIANA MANTOVANA,MN,1616399.7824822618,5003335.005118694,616370.0,5003316.0,33.008,,33.008,,,,,,PTUA2022,IT03GWBISSMPOM,
155,PO0200510R0002,,,PIEZOMETRO,,,,,RODIGO,MN,1631202.0687927518,5004982.975372972,631172.0,5004964.0,31.0,,31.0,,,,,,PTUA2022,IT03GWBISSMPOM,
156,PO0200210R0045,,,POZZO,,,,,CURTATONE,MN,1639415.197653759,4998596.82087825,639385.0,4998578.0,22.963,,22.963,,,,,,PTUA2022,IT03GWBISSMPOM,
157,PO020030NU0004,,,PIEZOMETRO,,,,,MANTOVA,MN,1640788.2342641144,5001198.864439404,640758.0,5001180.0,17.9,,17.9,,,,,,PTUA2022,IT03GWBISSMPOM,
158,PO0181150U0006,,,POZZO,,,,,PINAROLO PO,PV,1512407.761992964,4989947.18252519,512380.0,4989928.0,67.287,,66.637,,,,,,PTUA2022,IT03GWBISSMPOP,
159,PO0181180U0019,,,POZZO,,,,,PORTALBERA,PV,1524349.0010818124,4993153.1934984885,524321.0,4993134.0,68.079,,67.559,,,,,,PTUA2022,IT03GWBISSMPOP,
160,PO018032NR0001,,,PIEZOMETRO,,,,,CASATISMA,PV,1508594.6832176927,4988343.168047347,508567.0,4988324.0,75.728,,75.728,,,,,,PTUA2022,IT03GWBISSMPOP,
161,PO0180490U0003,,,POZZO,,,,,CIGOGNOLA,PV,1520368.8977193555,4986395.082133369,520341.0,4986376.0,107.259,,107.259,,,,,,PTUA2022,IT03GWBISSMPOP,
162,PO0181550U0001,,,POZZO,,,,,TORRAZZA COSTE,PV,1505683.5955294592,4980511.03188807,505656.0,4980492.0,116.616,,116.616,,,,,,PTUA2022,IT03GWBISSMPOP,
163,PO0180350U0002,,,POZZO,,,,,CASSOLNOVO,PV,1485431.3886248558,5022640.9138176795,485404.0,5022621.0,117.58,,117.36,,,,,,PTUA2022,IT03GWBISSMPP,
164,PO0180500U0002,,,POZZO,,,,,CILAVEGNA,PV,1480201.2683264606,5017506.838567358,480174.0,5017487.0,115.897,,115.897,,,,,,PTUA2022,IT03GWBISSMPP,
165,PO0181770U0020,,,POZZO,,,,,VIGEVANO,PV,1488880.4303792112,5017041.793470203,488853.0,5017022.0,103.06,,102.99,,,,,,PTUA2022,IT03GWBISSMPP,
166,PO018003NR0009,,,PIEZOMETRO,,,,,ALBONESE,PV,1477825.2120603852,5014790.797120398,477798.0,5014771.0,113.49,,113.49,,,,,,PTUA2022,IT03GWBISSMPP,
167,PO018068NRP001,,,PIEZOMETRO,,,,,GAMBOLO',PV,1492884.4833112112,5011602.6738258125,492857.0,5011583.0,100.934,,100.934,,,,,,PTUA2022,IT03GWBISSMPP,
168,PO018039NRP001,,,POZZO,,,,,CASTELLO D'AGOGNA,PV,1474649.5141773017,5007966.631274418,474622.3907,5007946.95,107.215,,108.345,,,,,,PTUA2022,IT03GWBISSMPP,
169,PO0180690U0002,,,POZZO,,,,,GARLASCO,PV,1494040.4774930547,5004979.543665172,494013.0,5004960.0,92.741,,92.741,,,,,,PTUA2022,IT03GWBISSMPP,
170,PO018147NUP001,,,POZZO,,,,,SCALDASOLE,PV,1492524.8525728453,4996534.160147781,492497.439,4996514.77,86.584,,87.544,,,,,,PTUA2022,IT03GWBISSMPP,
171,PO018062NRD002,,,POZZO,,,,,FERRERA ERBOGNONE,PV,1489220.3397967604,4993828.352728727,489193.0,4993809.0,86.799,,86.459,,,,,,PTUA2022,IT03GWBISSMPP,
172,PO0180880U0001,,,POZZO,,,,,MEDE,PV,1479576.1574453954,4993826.393002762,479549.0,4993807.0,92.936,,92.936,,,,,,PTUA2022,IT03GWBISSMPP,
173,PO018146NRP001,,,POZZO,,,,,SARTIRANA LOMELLINA,PV,1473609.7616997682,4995777.524903271,473582.7089,4995758.07,99.039,,99.039,,,,,,PTUA2022,IT03GWBISSMPP,
174,PO018065NRG001,,,PIEZOMETRO,,,,,FRASCAROLO,PV,1476436.0733691193,4987921.29433086,476409.0,4987902.0,86.66,,86.66,,,,,,PTUA2022,IT03GWBISSMPP,
175,PO0150870U0001,,,POZZO,,,,,CORNAREDO,MI,1501585.757391637,5037867.134268916,501558.0,5037847.0,142.84,,142.84,,,,,,PTUA2022,IT03GWBISSMPTLN,
176,PO015146NU1496,,0151461496,PIEZOMETRO,,,,,MILANO,MI,1506100.8425818644,5037850.11509514,506073.0,5037830.0,135.68,,135.68,,,,,,PTUA2022-FOG,IT03GWBISSMPTLN,SCUOLA VIA SILLA 150
177,PO015211NUP001,,0152110112,PIEZOMETRO,,,,,SETTIMO MILANESE,MI,1503726.9958871717,5038360.711659705,503699.196,5038340.577,141.431,,141.341,,,,,,PTUA2022,IT03GWBISSMPTLN,"fino al 2018 misure manuali; successiva transizione a misure con sonde automatiche, i cui dati non sono stati inseriti in quanto non validi"
178,PO015146NU1378,,0151461378,PIEZOMETRO,,,,,MILANO,MI,1515314.990199212,5031524.957056717,515287.0,5031505.0,111.174,,111.174,,,,,,PTUA2022-Idroscalo2005-FOG,IT03GWBISSMPTLN,SCUOLA VIA ANTONINI 50
179,PO015146NU1379,,0151461379,PIEZOMETRO,,,,,MILANO,MI,1518798.047088392,5029391.902202583,518770.0,5029372.0,103.009,,103.009,,,,,,PTUA2022-Idroscalo2005-FOG,IT03GWBISSMPTLN,SCUOLA VIA S. BERNARDO 19 (CHIARAVALLE)
180,PO015146NU1435,,0151461435,PIEZOMETRO,,,,,MILANO,MI,1509889.8884014834,5031682.982670455,509862.0,5031663.0,115.102,,115.102,,,,,,PTUA2022-FOG,IT03GWBISSMPTLN,Scuola di Via San Colombano n.8 - RONCHETTO.S\N
181,PO015146NU1489,,0151461489,PIEZOMETRO,,,,,MILANO,MI,1505573.8116080721,5032814.022068931,505546.0,5032794.0,122.041,,122.041,,,,,,PTUA2022-FOG,IT03GWBISSMPTLN,SCUOLA VIA MUGGIANO 16
182,PO0150020U0005,,,POZZO,,,,,ABBIATEGRASSO,MI,1493737.5655528468,5027427.96964184,493710.0,5027408.0,120.75,,120.75,,,,,,PTUA2022,IT03GWBISSMPTLN,
183,PO015140NR0109,,,PIEZOMETRO,,,,,MELEGNANO,MI,1525125.1365959458,5022190.739662315,525097.0,5022171.0,90.34,,90.52,,,,,,PTUA2022,IT03GWBISSMPTLN,
184,PO0152350U0001,,0152350001,POZZO,,,,,VERMEZZO,MI,1498620.6539407452,5026505.93180216,498593.0,5026486.0,115.42,,115.42,,,,,,PTUA2022-PTUA2003,IT03GWBISSMPTLN,"fino al 2018 misure manuali; successiva transizione a misure con sonde automatiche, i cui dati non sono stati inseriti in quanto non validi-via Dante"
185,PO015247NR0185,,,PIEZOMETRO,,,,,ZIBIDO S. GIACOMO,MI,1505623.4305466486,5026896.175946953,505595.6427,5026876.266,110.0,,110.0,,,,,,PTUA2022,IT03GWBISSMPTLN,
186,PO0150150U0001,,0150150001,POZZO,,,,,BASIGLIO,MI,1512896.9040352537,5021812.783461474,512869.0,5021793.0,96.789,,96.789,,,,,,PTUA2022-PTUA2003-CAP,IT03GWBISSMPTLN,p.za M.Rossi-Chiesa-Piazza Rossi-Chiesa                                                                                                                                                                                                                                           
187,PO098008NR0025,,,POZZO,,,,,CASALETTO LODIGIANO,LO,1528748.9581242963,5016850.926581302,528720.7753,5016831.303,71.308,,71.898,,,,,,PTUA2022,IT03GWBISSMPTLS,SONDA AUTOMATICA GUASTA DA MARZO 2020
188,PO018176NUP001,,,PIEZOMETRO,,,,,VIDIGULFO,PV,1518074.127776803,5015918.755394729,518046.1505,5015899.105,88.252,,88.252,,,,,,PTUA2022,IT03GWBISSMPTLS,
189,PO018014NRP001,,,POZZO,,,,,BEREGUARDO,PV,1501219.8785085874,5013371.645489664,501192.2303,5013351.973,96.11,,97.18,,,,,,PTUA2022,IT03GWBISSMPTLS,
190,PO018043NUP001,,,PIEZOMETRO,,,,,CERANOVA,PV,1518454.5786202129,5011562.966407528,518426.6123,5011543.4,82.743,,82.303,,,,,,PTUA2022,IT03GWBISSMPTLS,
191,PO018072NUP001,,,PIEZOMETRO,,,,,GIUSSAGO,PV,1512591.7560326112,5011176.805530955,512563.9021,5011157.222,87.134,,87.134,,,,,,PTUA2022,IT03GWBISSMPTLS,
192,PO018173NUP001,,,PIEZOMETRO,,,,,VELLEZZO BELLINI,PV,1507693.6556238832,5013321.526530712,507665.8853,5013301.882,92.877,,92.357,,,,,,PTUA2022,IT03GWBISSMPTLS,
193,PO018048NRP001,,,POZZO,,,,,CHIGNOLO PO,PV,1522307.9175524341,5003738.158311546,522279.911,5003718.756,74.871,,75.341,,,,,,PTUA2022,IT03GWBISSMPTLS,
194,PO0181100U0111,,,PIEZOMETRO,,,,,PAVIA,PV,1511165.8090166617,5006865.507900845,511138.0,5006846.0,83.4,,83.05,,,,,,PTUA2022,IT03GWBISSMPTLS,
195,PO018180NUP001,,,POZZO,,,,,VILLANTERIO,PV,1528192.3970563803,5007176.005871399,528164.265,5007156.563,73.02,,73.82,,,,,,PTUA2022,IT03GWBISSMPTLS,
196,PO0180130U0005,,,POZZO,,,,,BELGIOIOSO,PV,1523792.0226100942,5000857.341620832,523764.0,5000838.0,74.964,,74.964,,,,,,PTUA2022,IT03GWBISSMPTLS,
197,PO0180480U0004,,,POZZO,,,,,CHIGNOLO PO,PV,1539671.3215219746,5000573.270222287,539643.0,5000554.0,58.81,,57.66,,,,,,PTUA2022,IT03GWBISSMPTLS,
198,PO0180810U0111,,,PIEZOMETRO,,,,,LINAROLO,PV,1521157.9716167802,5000566.347077671,521130.0,5000547.0,74.97,,74.45,,,,,,PTUA2022,IT03GWBISSMPTLS,
199,CAP-0980490001,,0980490001,,,,,,SAN ROCCO AL PORTO                                                                                                                                                                                                                                            ,LO,1554770.0005993394,4992220.000119567,554741.4283956187,4992200.95062282,51.92,,,,,,,,CAP,IT03GWBISSBPPO,via Acquedotto                                                                                                                                                                                                                                                
200,CAP-0181140002,,0181140002,,,,,,PIEVE PORTO MORONE                                                                                                                                                                                                                                            ,PV,1534790.000607728,4995405.000119389,534761.7928098906,4995385.807417155,54.68,,,,,,,,CAP,IT03GWBISSBPPO,                                                                                                                                                                                                                                                              
201,CAP-0980150003,,0980150003,,,,,,CASTIRAGA VIDARDO                                                                                                                                                                                                                                             ,LO,1530789.0006093208,5012188.000117925,530760.7986433454,5012168.473228633,75.53,,,,,,,,CAP,IT03GWBISSMPTLS,Cascina  Pollarana                                                                                                                                                                                                                                            
202,CAP-0980500005,,0980500005,,,,,,SANT'ANGELO LODIGIANO                                                                                                                                                                                                                                         ,LO,1532041.0006088216,5007048.000118373,532012.7963636792,5007028.5756765455,74.38,,,,,,,,CAP,IT03GWBISSMPTLS,fraz.Ranera                                                                                                                                                                                                                                                   
203,CAP-0980590001,,0980590001,,,,,,VALERA FRATTA                                                                                                                                                                                                                                                 ,LO,1526403.0006111723,5011526.000118006,526374.8842656376,5011506.467503513,77.81,,,,,,,,CAP,IT03GWBISSMPTLS,serb. scuola materna                                                                                                                                                                                                                                          
204,CAP-0180700001,,0180700001,,,,,,GENZONE                                                                                                                                                                                                                                                       ,PV,1527575.0006107257,5002880.000118768,527546.8980923276,5002860.635963813,73.99,,,,,,,,CAP,IT03GWBISSMPTLS,via Cairoli                                                                                                                                                                                                                                                   
205,CAP-0180780001,,0180780001,,,,,,LANDRIANO                                                                                                                                                                                                                                                     ,PV,1520475.0006136384,5017674.000117491,520446.97066793154,5017654.3265213305,85.63,,,,,,,,CAP,IT03GWBISSMPTLS,Piazza Marconi                                                                                                                                                                                                                                                
206,CAP-0180930002,,0180930002,,,,,,MIRADOLO TERME                                                                                                                                                                                                                                                ,PV,1535650.0006073294,5001980.000118803,535621.7492332057,5001960.686570022,68.88,,,,,,,,CAP,IT03GWBISSMPTLS,                                                                                                                                                                                                                                                              
207,CAP-0980070001,,0980070001,,,,,,CAMAIRAGO                                                                                                                                                                                                                                                     ,LO,1556980.0005983326,5006056.000118325,556951.3292749213,5006036.698001108,60.4,,,,,,,,CAP,IT03GWBISSMPLAS,via 4 novembre                                                                                                                                                                                                                                                
208,CAP-0980230001,,0980230001,,,,,,CORNOVECCHIO                                                                                                                                                                                                                                                  ,LO,1562792.0005959333,4998470.000118973,562763.2508970874,4998450.865604838,52.67,,,,,,,,CAP,IT03GWBISSMPLAS,Municipio                                                                                                                                                                                                                                                     
209,CAP-0980330001,,0980330001,,,,,,MACCASTORNA                                                                                                                                                                                                                                                   ,LO,1567299.0005940334,4999597.000118848,567270.1610681966,4999577.862949289,40.28,,,,,,,,CAP,IT03GWBISSMPLAS,via Roma                                                                                                                                                                                                                                                      
210,CAP-0980350002,,0980350002,,,,,,MALEO                                                                                                                                                                                                                                                         ,LO,1560100.0005970448,5001920.00011868,560071.28746969,5001900.789178868,57.44,,,,,,,,CAP,IT03GWBISSMPLAS,Piazza 25 Aprile                                                                                                                                                                                                                                              
211,CAP-0980400001,,0980400001,,,,,,MONTANASO LOMBARDO                                                                                                                                                                                                                                            ,LO,1535877.000607135,5019968.000117207,535848.670170593,5019948.347230227,82.67,,,,,,,,CAP,IT03GWBISSMPLAS,Comune                                                                                                                                                                                                                                                        
212,CAP-0980420003,,0980420003,,,,,,ORIO LITTA                                                                                                                                                                                                                                                    ,LO,1543820.000603896,5000952.00011885,543791.5991110007,5000932.739960029,65.02,,,,,,,,CAP,IT03GWBISSMPLAS,via Pio Rossi                                                                                                                                                                                                                                                 
213,CAP-0980580002,,0980580002,,,,,,TURANO LODIGIANO                                                                                                                                                                                                                                              ,LO,1548759.0006017634,5010831.00011795,548730.4647816786,5010811.573569096,65.49,,,,,,,,CAP,IT03GWBISSMPLAS,via 25 Aprile                                                                                                                                                                                                                                                 
214,CAP-0980020001,,0980020001,,,,,,BERTONICO                                                                                                                                                                                                                                                     ,LO,1552834.0006000577,5009331.000118061,552805.3940213227,5009311.618853627,62.65,,,,,,,,CAP,IT03GWBISSMPLAS,via Garibaldi                                                                                                                                                                                                                                                 
215,CAP-0151250001,,0151250001,,,,,,LOCATE DI TRIULZI                                                                                                                                                                                                                                             ,MI,1517414.8596149017,5022682.332117062,517386.8666115865,5022662.551040866,94.84,,,,,,,,CAP,IT03GWBISSMPTLN,Piazza Gramsci                                                                                                                                                                                                                                                
216,CAP-0151890001,,0151890001,,,,,,ROZZANO                                                                                                                                                                                                                                                       ,MI,1511442.7736174108,5024760.111116908,511414.884760842,5024740.265846566,101.91,,,,,,,,CAP,IT03GWBISSMPTLN,                                                                                                                                                                                                                                                              
217,PO0151950U0007,,0151950007,,,,,,SAN GIULIANO MILANESE                                                                                                                                                                                                                                         ,MI,1519362.736614058,5026815.9131166795,519334.68959453,5026796.061981088,100.01,,,,,,,,CAP,IT03GWBISSMPTLN,                                                                                                                                                                                                                                                              
218,CAP-0152220001,,0152220001,,,,,,TRIBIANO                                                                                                                                                                                                                                                      ,MI,1528826.000610062,5027968.000116524,528797.7700656902,5027948.166605384,94.58,,,,,,,,CAP,IT03GWBISSMPLAN,                                                                                                                                                                                                                                                              
219,PO0151670U0001,,0151670001,,,,,,PANTIGLIATE                                                                                                                                                                                                                                                   ,MI,1527808.9706104684,5032030.970116169,527780.7423593218,5032011.055545497,102.37,,,,,,,,CAP,IT03GWBISSMPLAN,                                                                                                                                                                                                                                                              
220,PO0151850U0001,,0151850001,,,,,,RODANO                                                                                                                                                                                                                                                        ,MI,1528072.3076103386,5035498.719115858,528044.0599491434,5035478.740077,110.41,,,,,,,,CAP,IT03GWBISSMPLAN,                                                                                                                                                                                                                                                              
221,CAP-0980200001,,0980200001,,,,,,COMAZZO                                                                                                                                                                                                                                                       ,LO,1536534.0006067918,5032132.000116113,536505.6071784581,5032112.119943524,90.77,,,,,,,,CAP,IT03GWBISSMPLAN,Piazza Caduti                                                                                                                                                                                                                                                 
222,CAP-0980410001,,0980410001,,,,,,MULAZZANO                                                                                                                                                                                                                                                     ,LO,1531414.0006089904,5024506.000116821,531385.7355938233,5024486.242843741,90.43,,,,,,,,CAP,IT03GWBISSMPLAN,via Lago Maggiore                                                                                                                                                                                                                                             
223,idroscalo,,,,,,,,PESCHIERA BORROMEO,MI,1522450.4587875574,5033319.692622991,522422.3263583233,5033299.731368452,105.95,,,,,,,,Idroscalo2005,IT03GWBISSMPLAN,"rilevamenti del livello dell'Idroscalo, affioramento della falda"
224,FOG14,,0151461312,,,,,,MILANO,MI,1518961.0006141746,5036550.000115809,518932.920616568,5036529.963244154,118.65,,,,,,,,FOG,IT03GWBISSAPTA,SCUOLE LAMBRATE - VIA CONTE ROSSO
225,FOG16,,0151461161,,,,,,MILANO,MI,1515882.000615494,5032742.000116171,515853.9946343197,5032722.022410121,114.38,,,,,,,,FOG,IT03GWBISSAPTA,VIA CREMA
226,FOG17,,0151461374,,,,,,MILANO,MI,1517470.0006148296,5031721.000116251,517441.9689004675,5031701.04833617,110.44,,,,,,,,FOG,IT03GWBISSMPTLN,VIA POLESINE
227,FOG18,,0151461375,,,,,,MILANO,MI,1519346.0006140429,5030884.000116316,519317.9369593701,5030864.071982008,105.12,,,,,,,,FOG,IT03GWBISSMPTLN,VIA M.PIANA
228,FOG21,,0151461376,,,,,,MILANO,MI,1517524.0006148068,5031741.000116247,517495.9677972882,5031721.048183067,108.8,,,,,,,,FOG,IT03GWBISSMPTLN,VIALE MARTINI 4 - CENTRALE AP
229,FOG24,,0151461535,,,,,,MILANO,MI,1509402.000618196,5038917.000115648,509374.09124799183,5038896.878626455,135.53,,,,,,,,FOG,IT03GWBISSAPTA,CIMITERO MUSOCCO
230,FOG27,,0151461119,,,,,,MILANO,MI,1513852.0006163474,5033431.000116118,513824.03009837685,5033411.000917559,115.87,,,,,,,,FOG,IT03GWBISSAPTA,VIA ARENA 17
231,FOG31,,0151461486,,,,,,MILANO,MI,1510183.0006178906,5034359.000116053,510155.09551707,5034338.968066586,122.07,,,,,,,,FOG,IT03GWBISSMPTLN,Scuola di Via delle Forze armate n.65
232,FOG32,,0151461462,,,,,,MILANO,MI,1511177.0006174785,5032979.000116174,511149.08250182704,5032958.998307749,116.77,,,,,,,,FOG,IT03GWBISSMPTLN,VIA VESPRI.SICILIANI 75
233,FOG33,,0151461417,,,,,,MILANO,MI,1513794.00061638,5031879.000116255,513766.0376655159,5031859.030022811,114.89,,,,,,,,FOG,IT03GWBISSMPTLN,VIA SFORZA 91 - CENTRALE AP
234,FOG34,,0151461162,,,,,,MILANO,MI,1513650.0006164338,5033200.000116139,513622.0348764663,5033180.004443144,115.23,,,,,,,,FOG,IT03GWBISSAPTA,SCUOLA ALZAIA NAVIGLIO GRANDE 22
235,FOG38,,0151461377,,,,,,MILANO,MI,1515745.0006155618,5030910.000116333,515717.0048591106,5030890.056480987,108.91,,,,,,,,FOG,IT03GWBISSMPTLN,SCUOLA VIA NOTO 4
236,FOG41,,0151461121,,,,,,MILANO,MI,1513348.000616552,5034853.000115991,513320.0336862312,5034832.971927784,119.56,,,,,,,,FOG,IT03GWBISSAPTA,SCUOLA VIA RUFFINI  4-6
237,FOG55,,0151461487,,,,,,MILANO,MI,1506835.0006193032,5034543.000116052,506807.15797692665,5034522.950616933,125.17,,,,,,,,FOG,IT03GWBISSMPTLN,"VIA ANSELMO DA BAGGIO 60
"
238,FOG56,,0151461495,,,,,,MILANO,MI,1508272.00061868,5037643.000115766,508244.1179025242,5037622.897998509,132.7,,,,,,,,FOG,IT03GWBISSAPTA,SCUOLA VIA LAMPUGNANO 145
239,FOG58,,0151461488,,,,,,MILANO,MI,1506963.0006192413,5036027.00011592,506935.1493660837,5036006.923090616,129.66,,,,,,,,FOG,IT03GWBISSMPTLN,SCUOLA VIA CAIO MARIO 18
240,FOG72,,0151461354,,,,,,MILANO,MI,1519258.0006140724,5032294.000116189,519229.9327454951,5032274.044953425,108.03,,,,,,,,FOG,IT03GWBISSAPTA,SCUOLA VIA SORDELLO 7
241,PO015209NR0264,,0152090264,,,,,,SESTO SAN GIOVANNI,MI,1518606.870614296,5041773.820115343,518578.77552852826,5041753.683009028,137.51,,,,,,,,SSGiovanni,IT03GWBISSAPTA,PIE-VITTORIA_A
242,CM.PS.002,,0152090284,,,,,,SESTO SAN GIOVANNI,MI,1520520.160613481,5043236.820115203,520492.0233070304,5043216.663328315,142.81,,,,,,,,SSGiovanni,IT03GWBISSAPTA,PIE-CAVA_MELZI
243,PO015209NR0336,,0152090336,,,,,,SESTO SAN GIOVANNI,MI,1519311.4406139927,5042869.440115243,519283.32765881234,5042849.28523466,142.55,,,,,,,,SSGiovanni,IT03GWBISSAPTA,PIE-UNIONE
244,PO015209NRA683,,0152090340,,,,,,SESTO SAN GIOVANNI,MI,1519016.5406141146,5043333.050115199,518988.4312938887,5043312.885241416,142.08,,,,,,,,SSGiovanni,IT03GWBISSAPTA,PIE-UNIONE
